"predict","p0","p1"
"1",0.0,1.0
"1",0.0,1.0
"1",0.0,1.0
"1",0.0,1.0
"1",0.0,1.0
"1",0.0,1.0
"1",0.0,1.0
"1",0.0,1.0
"1",0.0,1.0
"1",0.0,1.0
"1",0.0,1.0
"1",0.0,1.0
"1",0.0,1.0
"1",0.0,1.0
"1",0.0,1.0
"1",0.0,1.0
"1",0.0,1.0
"1",0.0,1.0
"1",0.0,1.0
"1",0.0,1.0
"0",2.220446049250313E-16,0.9999999999999998
"1",0.0,1.0
"1",0.0,1.0
"1",0.0,1.0
"1",0.0,1.0
"1",0.0,1.0
"1",0.0,1.0
"1",0.0,1.0
"1",0.0,1.0
"1",0.0,1.0
"1",0.0,1.0
"0",2.220446049250313E-16,0.9999999999999998
"1",0.0,1.0
"1",0.0,1.0
"1",0.0,1.0
"1",0.0,1.0
"1",0.0,1.0
"1",0.0,1.0
"1",0.0,1.0
"1",0.0,1.0
"1",0.0,1.0
"1",0.0,1.0
"1",0.0,1.0
"1",0.0,1.0
"1",0.0,1.0
"1",0.0,1.0
"1",0.0,1.0
"1",0.0,1.0
"1",0.0,1.0
"1",0.0,1.0
"1",0.0,1.0
"1",0.0,1.0
"1",0.0,1.0
"0",2.220446049250313E-16,0.9999999999999998
"1",0.0,1.0
"1",0.0,1.0
"1",0.0,1.0
"1",0.0,1.0
"1",0.0,1.0
"1",0.0,1.0
"1",0.0,1.0
"1",0.0,1.0
"1",0.0,1.0
"1",0.0,1.0
"1",0.0,1.0
"1",0.0,1.0
"1",0.0,1.0
"1",0.0,1.0
"1",0.0,1.0
"0",1.2878587085651816E-14,0.9999999999999871
"1",0.0,1.0
"1",0.0,1.0
"1",0.0,1.0
"1",0.0,1.0
"1",0.0,1.0
"1",0.0,1.0
"1",0.0,1.0
"1",0.0,1.0
"1",0.0,1.0
"1",0.0,1.0
"1",0.0,1.0
"1",0.0,1.0
"1",0.0,1.0
"1",0.0,1.0
"1",0.0,1.0
"1",0.0,1.0
"1",0.0,1.0
"1",0.0,1.0
"1",0.0,1.0
"1",0.0,1.0
"1",0.0,1.0
"1",0.0,1.0
"1",0.0,1.0
"1",0.0,1.0
"1",0.0,1.0
"1",0.0,1.0
"1",0.0,1.0
"1",0.0,1.0
"1",0.0,1.0
"1",0.0,1.0
"1",0.0,1.0
"1",0.0,1.0
"1",0.0,1.0
"1",0.0,1.0
"1",0.0,1.0
"1",0.0,1.0
"1",0.0,1.0
"1",0.0,1.0
"1",0.0,1.0
"1",0.0,1.0
"1",0.0,1.0
"1",0.0,1.0
"1",0.0,1.0
"1",0.0,1.0
"1",0.0,1.0
"1",0.0,1.0
"1",0.0,1.0
"1",0.0,1.0
"1",0.0,1.0
"1",0.0,1.0
"1",0.0,1.0
"1",0.0,1.0
"1",0.0,1.0
"1",0.0,1.0
"1",0.0,1.0
"1",0.0,1.0
"1",0.0,1.0
"1",0.0,1.0
"1",0.0,1.0
"1",0.0,1.0
"1",0.0,1.0
"1",0.0,1.0
"1",0.0,1.0
"1",0.0,1.0
"1",0.0,1.0
"1",0.0,1.0
"1",0.0,1.0
"1",0.0,1.0
"1",0.0,1.0
"1",0.0,1.0
"1",0.0,1.0
"1",0.0,1.0
"1",0.0,1.0
"1",0.0,1.0
"1",0.0,1.0
"1",0.0,1.0
"1",0.0,1.0
"1",0.0,1.0
"1",0.0,1.0
"1",0.0,1.0
"1",0.0,1.0
"1",0.0,1.0
"1",0.0,1.0
"1",0.0,1.0
"1",0.0,1.0
"1",0.0,1.0
"1",0.0,1.0
"1",0.0,1.0
"1",0.0,1.0
"1",0.0,1.0
"1",0.0,1.0
"1",0.0,1.0
"1",0.0,1.0
"1",0.0,1.0
"1",0.0,1.0
"1",0.0,1.0
"1",0.0,1.0
"1",0.0,1.0
"1",0.0,1.0
"1",0.0,1.0
"1",0.0,1.0
"1",0.0,1.0
"1",0.0,1.0
"1",0.0,1.0
"1",0.0,1.0
"1",0.0,1.0
"1",0.0,1.0
"1",0.0,1.0
"1",0.0,1.0
"1",0.0,1.0
"1",0.0,1.0
"1",0.0,1.0
"1",0.0,1.0
"1",0.0,1.0
"1",0.0,1.0
"1",0.0,1.0
"1",0.0,1.0
"1",0.0,1.0
"1",0.0,1.0
"1",0.0,1.0
"1",0.0,1.0
"1",0.0,1.0
"1",0.0,1.0
"1",0.0,1.0
"1",0.0,1.0
"1",0.0,1.0
"1",0.0,1.0
"1",0.0,1.0
"1",0.0,1.0
"1",0.0,1.0
"1",0.0,1.0
"1",0.0,1.0
"1",0.0,1.0
"1",0.0,1.0
"1",0.0,1.0
"1",0.0,1.0
"1",0.0,1.0
"1",0.0,1.0
"1",0.0,1.0
"1",0.0,1.0
"1",0.0,1.0
"1",0.0,1.0
"1",0.0,1.0
"1",0.0,1.0
"1",0.0,1.0
"1",0.0,1.0
"1",0.0,1.0
"1",0.0,1.0
"1",0.0,1.0
"1",0.0,1.0
"1",0.0,1.0
"1",0.0,1.0
"1",0.0,1.0
"1",0.0,1.0
"1",0.0,1.0
"1",0.0,1.0
"1",0.0,1.0
"1",0.0,1.0
"1",0.0,1.0
"1",0.0,1.0
"1",0.0,1.0
"1",0.0,1.0
"1",0.0,1.0
"1",0.0,1.0
"1",0.0,1.0
"1",0.0,1.0
"1",0.0,1.0
"1",0.0,1.0
"1",0.0,1.0
"1",0.0,1.0
"1",0.0,1.0
"1",0.0,1.0
"1",0.0,1.0
"1",0.0,1.0
"1",0.0,1.0
"1",0.0,1.0
"1",0.0,1.0
"1",0.0,1.0
"1",0.0,1.0
"1",0.0,1.0
"1",0.0,1.0
"1",0.0,1.0
"1",0.0,1.0
"1",0.0,1.0
"1",0.0,1.0
"1",0.0,1.0
"1",0.0,1.0
"1",0.0,1.0
"1",0.0,1.0
"1",0.0,1.0
"1",0.0,1.0
"1",0.0,1.0
"1",0.0,1.0
"1",0.0,1.0
"1",0.0,1.0
"1",0.0,1.0
"1",0.0,1.0
"1",0.0,1.0
"1",0.0,1.0
"1",0.0,1.0
"1",0.0,1.0
"1",0.0,1.0
"1",0.0,1.0
"1",0.0,1.0
"1",0.0,1.0
"1",0.0,1.0
"1",0.0,1.0
"1",0.0,1.0
"1",0.0,1.0
"1",0.0,1.0
"1",0.0,1.0
"1",0.0,1.0
"1",0.0,1.0
"1",0.0,1.0
"1",0.0,1.0
"1",0.0,1.0
"1",0.0,1.0
"1",0.0,1.0
"1",0.0,1.0
"1",0.0,1.0
"1",0.0,1.0
"1",0.0,1.0
"1",0.0,1.0
"1",0.0,1.0
"1",0.0,1.0
"1",0.0,1.0
"1",0.0,1.0
"1",0.0,1.0
"1",0.0,1.0
"1",0.0,1.0
"1",0.0,1.0
"1",0.0,1.0
"1",0.0,1.0
"1",0.0,1.0
"1",0.0,1.0
"1",0.0,1.0
"1",0.0,1.0
"1",0.0,1.0
"1",0.0,1.0
"1",0.0,1.0
"1",0.0,1.0
"1",0.0,1.0
"1",0.0,1.0
"1",0.0,1.0
"1",0.0,1.0
"1",0.0,1.0
"1",0.0,1.0
"1",0.0,1.0
"1",0.0,1.0
"1",0.0,1.0
"1",0.0,1.0
"1",0.0,1.0
"1",0.0,1.0
"1",0.0,1.0
"1",0.0,1.0
"1",0.0,1.0
"1",0.0,1.0
"1",0.0,1.0
"1",0.0,1.0
"1",0.0,1.0
"1",0.0,1.0
"1",0.0,1.0
"1",0.0,1.0
"1",0.0,1.0
"1",0.0,1.0
"1",0.0,1.0
"1",0.0,1.0
"1",0.0,1.0
"1",0.0,1.0
"1",0.0,1.0
"1",0.0,1.0
"1",0.0,1.0
"1",0.0,1.0
"1",0.0,1.0
"1",0.0,1.0
"1",0.0,1.0
"1",0.0,1.0
"1",0.0,1.0
"1",0.0,1.0
"1",0.0,1.0
"1",0.0,1.0
"1",0.0,1.0
"1",0.0,1.0
"1",0.0,1.0
"1",0.0,1.0
"1",0.0,1.0
"1",0.0,1.0
"1",0.0,1.0
"1",0.0,1.0
"1",0.0,1.0
"1",0.0,1.0
"1",0.0,1.0
"1",0.0,1.0
"1",0.0,1.0
"1",0.0,1.0
"1",0.0,1.0
"1",0.0,1.0
"1",0.0,1.0
"1",0.0,1.0
"1",0.0,1.0
"1",0.0,1.0
"1",0.0,1.0
"1",0.0,1.0
"1",0.0,1.0
"1",0.0,1.0
"1",0.0,1.0
"1",0.0,1.0
"1",0.0,1.0
"1",0.0,1.0
"1",0.0,1.0
"1",0.0,1.0
"1",0.0,1.0
"1",0.0,1.0
"1",0.0,1.0
"1",0.0,1.0
"1",0.0,1.0
"1",0.0,1.0
"1",0.0,1.0
"1",0.0,1.0
"1",0.0,1.0
"1",0.0,1.0
"1",0.0,1.0
"1",0.0,1.0
"1",0.0,1.0
"1",0.0,1.0
"1",0.0,1.0
"1",0.0,1.0
"1",0.0,1.0
"1",0.0,1.0
"1",0.0,1.0
"1",0.0,1.0
"1",0.0,1.0
"1",0.0,1.0
"1",0.0,1.0
"1",0.0,1.0
"1",0.0,1.0
"1",0.0,1.0
"1",0.0,1.0
"1",0.0,1.0
"1",0.0,1.0
"1",0.0,1.0
"1",0.0,1.0
"1",0.0,1.0
"1",0.0,1.0
"1",0.0,1.0
"1",0.0,1.0
"1",0.0,1.0
"1",0.0,1.0
"1",0.0,1.0
"1",0.0,1.0
"1",0.0,1.0
"1",0.0,1.0
"1",0.0,1.0
"1",0.0,1.0
"1",0.0,1.0
"1",0.0,1.0
"1",0.0,1.0
"1",0.0,1.0
"1",0.0,1.0
"1",0.0,1.0
"1",0.0,1.0
"1",0.0,1.0
"1",0.0,1.0
"1",0.0,1.0
"1",0.0,1.0
"1",0.0,1.0
"1",0.0,1.0
"1",0.0,1.0
"1",0.0,1.0
"1",0.0,1.0
"1",0.0,1.0
"1",0.0,1.0
"1",0.0,1.0
"1",0.0,1.0
"1",0.0,1.0
"1",0.0,1.0
"1",0.0,1.0
"1",0.0,1.0
"1",0.0,1.0
"1",0.0,1.0
"1",0.0,1.0
"1",0.0,1.0
"1",0.0,1.0
"1",0.0,1.0
"1",0.0,1.0
"1",0.0,1.0
"1",0.0,1.0
"1",0.0,1.0
"1",0.0,1.0
"1",0.0,1.0
"1",0.0,1.0
"1",0.0,1.0
"1",0.0,1.0
"1",0.0,1.0
"1",0.0,1.0
"1",0.0,1.0
"1",0.0,1.0
"1",0.0,1.0
"1",0.0,1.0
"1",0.0,1.0
"1",0.0,1.0
"1",0.0,1.0
"1",0.0,1.0
"1",0.0,1.0
"1",0.0,1.0
"1",0.0,1.0
"1",0.0,1.0
"1",0.0,1.0
"1",0.0,1.0
"1",0.0,1.0
"1",0.0,1.0
"1",0.0,1.0
"1",0.0,1.0
"1",0.0,1.0
"1",0.0,1.0
"1",0.0,1.0
"1",0.0,1.0
"1",0.0,1.0
"1",0.0,1.0
"1",0.0,1.0
"1",0.0,1.0
"1",0.0,1.0
"1",0.0,1.0
"1",0.0,1.0
"1",0.0,1.0
"1",0.0,1.0
"1",0.0,1.0
"1",0.0,1.0
"1",0.0,1.0
"1",0.0,1.0
"1",0.0,1.0
"1",0.0,1.0
"1",0.0,1.0
"1",0.0,1.0
"1",0.0,1.0
"1",0.0,1.0
"1",0.0,1.0
"1",0.0,1.0
"1",0.0,1.0
"1",0.0,1.0
"1",0.0,1.0
"1",0.0,1.0
"1",0.0,1.0
"1",0.0,1.0
"1",0.0,1.0
"1",0.0,1.0
"1",0.0,1.0
"1",0.0,1.0
"1",0.0,1.0
"1",0.0,1.0
"1",0.0,1.0
"1",0.0,1.0
"1",0.0,1.0
"1",0.0,1.0
"1",0.0,1.0
"1",0.0,1.0
"1",0.0,1.0
"1",0.0,1.0
"1",0.0,1.0
"1",0.0,1.0
"1",0.0,1.0
"1",0.0,1.0
"1",0.0,1.0
"1",0.0,1.0
"1",0.0,1.0
"1",0.0,1.0
"1",0.0,1.0
"1",0.0,1.0
"1",0.0,1.0
"1",0.0,1.0
"1",0.0,1.0
"1",0.0,1.0
"1",0.0,1.0
"1",0.0,1.0
"1",0.0,1.0
"1",0.0,1.0
"1",0.0,1.0
"1",0.0,1.0
"1",0.0,1.0
"1",0.0,1.0
"1",0.0,1.0
"1",0.0,1.0
"1",0.0,1.0
"1",0.0,1.0
"1",0.0,1.0
"1",0.0,1.0
"1",0.0,1.0
"1",0.0,1.0
"1",0.0,1.0
"1",0.0,1.0
"1",0.0,1.0
"1",0.0,1.0
"1",0.0,1.0
"1",0.0,1.0
"1",0.0,1.0
"1",0.0,1.0
"1",0.0,1.0
"1",0.0,1.0
"1",0.0,1.0
"1",0.0,1.0
"1",0.0,1.0
"1",0.0,1.0
"1",0.0,1.0
"1",0.0,1.0
"1",0.0,1.0
"1",0.0,1.0
"1",0.0,1.0
"1",0.0,1.0
"1",0.0,1.0
"1",0.0,1.0
"1",0.0,1.0
"1",0.0,1.0
"1",0.0,1.0
"1",0.0,1.0
"1",0.0,1.0
"1",0.0,1.0
"1",0.0,1.0
"1",0.0,1.0
"1",0.0,1.0
"1",0.0,1.0
"1",0.0,1.0
"1",0.0,1.0
"1",0.0,1.0
"1",0.0,1.0
"1",0.0,1.0
"1",0.0,1.0
"1",0.0,1.0
"1",0.0,1.0
"1",0.0,1.0
"1",0.0,1.0
"1",0.0,1.0
"1",0.0,1.0
"1",0.0,1.0
"1",0.0,1.0
"1",0.0,1.0
"1",0.0,1.0
"1",0.0,1.0
"1",0.0,1.0
"1",0.0,1.0
"1",0.0,1.0
"1",0.0,1.0
"1",0.0,1.0
"1",0.0,1.0
"1",0.0,1.0
"1",0.0,1.0
"1",0.0,1.0
"1",0.0,1.0
"1",0.0,1.0
"1",0.0,1.0
"1",0.0,1.0
"1",0.0,1.0
"1",0.0,1.0
"1",0.0,1.0
"1",0.0,1.0
"1",0.0,1.0
"1",0.0,1.0
"1",0.0,1.0
"1",0.0,1.0
"1",0.0,1.0
"1",0.0,1.0
"1",0.0,1.0
"1",0.0,1.0
"1",0.0,1.0
"1",0.0,1.0
"1",0.0,1.0
"1",0.0,1.0
"1",0.0,1.0
"1",0.0,1.0
"1",0.0,1.0
"1",0.0,1.0
"1",0.0,1.0
"1",0.0,1.0
"1",0.0,1.0
"1",0.0,1.0
"1",0.0,1.0
"1",0.0,1.0
"1",0.0,1.0
"1",0.0,1.0
"1",0.0,1.0
"1",0.0,1.0
"1",0.0,1.0
"1",0.0,1.0
"1",0.0,1.0
"1",0.0,1.0
"1",0.0,1.0
"1",0.0,1.0
"1",0.0,1.0
"1",0.0,1.0
"1",0.0,1.0
"1",0.0,1.0
"1",0.0,1.0
"1",0.0,1.0
"1",0.0,1.0
"1",0.0,1.0
"1",0.0,1.0
"1",0.0,1.0
"1",0.0,1.0
"1",0.0,1.0
"1",0.0,1.0
"1",0.0,1.0
"1",0.0,1.0
"1",0.0,1.0
"1",0.0,1.0
"1",0.0,1.0
"1",0.0,1.0
"1",0.0,1.0
"1",0.0,1.0
"1",0.0,1.0
"1",0.0,1.0
"1",0.0,1.0
"1",0.0,1.0
"1",0.0,1.0
"1",0.0,1.0
"1",0.0,1.0
"1",0.0,1.0
"1",0.0,1.0
"1",0.0,1.0
"1",0.0,1.0
"1",0.0,1.0
"1",0.0,1.0
"1",0.0,1.0
"1",0.0,1.0
"1",0.0,1.0
"1",0.0,1.0
"1",0.0,1.0
"1",0.0,1.0
"1",0.0,1.0
"1",0.0,1.0
"1",0.0,1.0
"1",0.0,1.0
"1",0.0,1.0
"1",0.0,1.0
"1",0.0,1.0
"1",0.0,1.0
"1",0.0,1.0
"1",0.0,1.0
"1",0.0,1.0
"1",0.0,1.0
"1",0.0,1.0
"1",0.0,1.0
"1",0.0,1.0
"1",0.0,1.0
"1",0.0,1.0
"1",0.0,1.0
"1",0.0,1.0
"1",0.0,1.0
"1",0.0,1.0
"1",0.0,1.0
"1",0.0,1.0
"1",0.0,1.0
"1",0.0,1.0
"1",0.0,1.0
"1",0.0,1.0
"1",0.0,1.0
"1",0.0,1.0
"1",0.0,1.0
"1",0.0,1.0
"1",0.0,1.0
"1",0.0,1.0
"1",0.0,1.0
"1",0.0,1.0
"1",0.0,1.0
"1",0.0,1.0
"1",0.0,1.0
"1",0.0,1.0
"1",0.0,1.0
"1",0.0,1.0
"1",0.0,1.0
"1",0.0,1.0
"1",0.0,1.0
"1",0.0,1.0
"1",0.0,1.0
"1",0.0,1.0
"1",0.0,1.0
"1",0.0,1.0
"1",0.0,1.0
"1",0.0,1.0
"1",0.0,1.0
"1",0.0,1.0
"1",0.0,1.0
"1",0.0,1.0
"1",0.0,1.0
"1",0.0,1.0
"1",0.0,1.0
"1",0.0,1.0
"1",0.0,1.0
"1",0.0,1.0
"1",0.0,1.0
"1",0.0,1.0
"1",0.0,1.0
"1",0.0,1.0
"1",0.0,1.0
"1",0.0,1.0
"1",0.0,1.0
"1",0.0,1.0
"1",0.0,1.0
"1",0.0,1.0
"1",0.0,1.0
"1",0.0,1.0
"1",0.0,1.0
"1",0.0,1.0
"1",0.0,1.0
"1",0.0,1.0
"1",0.0,1.0
"1",0.0,1.0
"1",0.0,1.0
"1",0.0,1.0
"1",0.0,1.0
"1",0.0,1.0
"1",0.0,1.0
"1",0.0,1.0
"1",0.0,1.0
"1",0.0,1.0
"1",0.0,1.0
"1",0.0,1.0
"1",0.0,1.0
"1",0.0,1.0
"1",0.0,1.0
"1",0.0,1.0
"1",0.0,1.0
"1",0.0,1.0
"1",0.0,1.0
"1",0.0,1.0
"1",0.0,1.0
"1",0.0,1.0
"1",0.0,1.0
"1",0.0,1.0
"1",0.0,1.0
"1",0.0,1.0
"1",0.0,1.0
"1",0.0,1.0
"1",0.0,1.0
"1",0.0,1.0
"1",0.0,1.0
"1",0.0,1.0
"1",0.0,1.0
"1",0.0,1.0
"1",0.0,1.0
"1",0.0,1.0
"1",0.0,1.0
"1",0.0,1.0
"1",0.0,1.0
"1",0.0,1.0
"1",0.0,1.0
"1",0.0,1.0
"1",0.0,1.0
"1",0.0,1.0
"1",0.0,1.0
"1",0.0,1.0
"1",0.0,1.0
"1",0.0,1.0
"1",0.0,1.0
"1",0.0,1.0
"1",0.0,1.0
"1",0.0,1.0
"1",0.0,1.0
"1",0.0,1.0
"1",0.0,1.0
"1",0.0,1.0
"1",0.0,1.0
"1",0.0,1.0
"1",0.0,1.0
"1",0.0,1.0
"1",0.0,1.0
"1",0.0,1.0
"1",0.0,1.0
"1",0.0,1.0
"1",0.0,1.0
"1",0.0,1.0
"1",0.0,1.0
"1",0.0,1.0
"1",0.0,1.0
"1",0.0,1.0
"1",0.0,1.0
"1",0.0,1.0
"1",0.0,1.0
"1",0.0,1.0
"1",0.0,1.0
"1",0.0,1.0
"1",0.0,1.0
"1",0.0,1.0
"1",0.0,1.0
"1",0.0,1.0
"1",0.0,1.0
"1",0.0,1.0
"1",0.0,1.0
"1",0.0,1.0
"1",0.0,1.0
"1",0.0,1.0
"1",0.0,1.0
"1",0.0,1.0
"1",0.0,1.0
"1",0.0,1.0
"1",0.0,1.0
"1",0.0,1.0
"1",0.0,1.0
"1",0.0,1.0
"1",0.0,1.0
"1",0.0,1.0
"1",0.0,1.0
"1",0.0,1.0
"1",0.0,1.0
"1",0.0,1.0
"1",0.0,1.0
"1",0.0,1.0
"1",0.0,1.0
"1",0.0,1.0
"1",0.0,1.0
"1",0.0,1.0
"1",0.0,1.0
"1",0.0,1.0
"1",0.0,1.0
"1",0.0,1.0
"1",0.0,1.0
"1",0.0,1.0
"1",0.0,1.0
"1",0.0,1.0
"1",0.0,1.0
"1",0.0,1.0
"1",0.0,1.0
"1",0.0,1.0
"1",0.0,1.0
"1",0.0,1.0
"1",0.0,1.0
"1",0.0,1.0
"1",0.0,1.0
"1",0.0,1.0
"1",0.0,1.0
"1",0.0,1.0
"1",0.0,1.0
"1",0.0,1.0
"1",0.0,1.0
"1",0.0,1.0
"1",0.0,1.0
"1",0.0,1.0
"1",0.0,1.0
"1",0.0,1.0
"1",0.0,1.0
"1",0.0,1.0
"1",0.0,1.0
"1",0.0,1.0
"1",0.0,1.0
"1",0.0,1.0
"1",0.0,1.0
"1",0.0,1.0
"1",0.0,1.0
"1",0.0,1.0
"1",0.0,1.0
"1",0.0,1.0
"1",0.0,1.0
"1",0.0,1.0
"1",0.0,1.0
"1",0.0,1.0
"1",0.0,1.0
"1",0.0,1.0
"1",0.0,1.0
"1",0.0,1.0
"1",0.0,1.0
"1",0.0,1.0
"1",0.0,1.0
"1",0.0,1.0
"1",0.0,1.0
"1",0.0,1.0
"1",0.0,1.0
"1",0.0,1.0
"1",0.0,1.0
"1",0.0,1.0
"1",0.0,1.0
"1",0.0,1.0
"1",0.0,1.0
"1",0.0,1.0
"1",0.0,1.0
"1",0.0,1.0
"1",0.0,1.0
"1",0.0,1.0
"1",0.0,1.0
"1",0.0,1.0
"1",0.0,1.0
"1",0.0,1.0
"1",0.0,1.0
"1",0.0,1.0
"1",0.0,1.0
"1",0.0,1.0
"1",0.0,1.0
"1",0.0,1.0
"1",0.0,1.0
"1",0.0,1.0
"1",0.0,1.0
"1",0.0,1.0
"1",0.0,1.0
"1",0.0,1.0
"1",0.0,1.0
"1",0.0,1.0
"1",0.0,1.0
"1",0.0,1.0
"1",0.0,1.0
"1",0.0,1.0
"1",0.0,1.0
"1",0.0,1.0
"1",0.0,1.0
"1",0.0,1.0
"1",0.0,1.0
"1",0.0,1.0
"1",0.0,1.0
"1",0.0,1.0
"1",0.0,1.0
"1",0.0,1.0
"1",0.0,1.0
"1",0.0,1.0
"1",0.0,1.0
"1",0.0,1.0
"1",0.0,1.0
"1",0.0,1.0
"1",0.0,1.0
"1",0.0,1.0
"1",0.0,1.0
"1",0.0,1.0
"1",0.0,1.0
"1",0.0,1.0
"1",0.0,1.0
"1",0.0,1.0
"1",0.0,1.0
"1",0.0,1.0
"1",0.0,1.0
"1",0.0,1.0
"1",0.0,1.0
"1",0.0,1.0
"1",0.0,1.0
"1",0.0,1.0
"1",0.0,1.0
"1",0.0,1.0
"1",0.0,1.0
"1",0.0,1.0
"1",0.0,1.0
"1",0.0,1.0
"1",0.0,1.0
"1",0.0,1.0
"1",0.0,1.0
"1",0.0,1.0
"1",0.0,1.0
"1",0.0,1.0
"1",0.0,1.0
"1",0.0,1.0
"1",0.0,1.0
"1",0.0,1.0
"1",0.0,1.0
"1",0.0,1.0
"1",0.0,1.0
"1",0.0,1.0
"1",0.0,1.0
"1",0.0,1.0
"1",0.0,1.0
"1",0.0,1.0
"1",0.0,1.0
"1",0.0,1.0
"1",0.0,1.0
"1",0.0,1.0
"1",0.0,1.0
"1",0.0,1.0
"1",0.0,1.0
"1",0.0,1.0
"1",0.0,1.0
"1",0.0,1.0
"1",0.0,1.0
"1",0.0,1.0
"1",0.0,1.0
"1",0.0,1.0
"1",0.0,1.0
"1",0.0,1.0
"1",0.0,1.0
"1",0.0,1.0
"1",0.0,1.0
"1",0.0,1.0
"1",0.0,1.0
"1",0.0,1.0
"1",0.0,1.0
"1",0.0,1.0
"1",0.0,1.0
"1",0.0,1.0
"1",0.0,1.0
"1",0.0,1.0
"1",0.0,1.0
"1",0.0,1.0
"1",0.0,1.0
"1",0.0,1.0
"1",0.0,1.0
"1",0.0,1.0
"1",0.0,1.0
"1",0.0,1.0
"1",0.0,1.0
"1",0.0,1.0
"1",0.0,1.0
"1",0.0,1.0
"1",0.0,1.0
"1",0.0,1.0
"1",0.0,1.0
"1",0.0,1.0
"1",0.0,1.0
"1",0.0,1.0
"1",0.0,1.0
"1",0.0,1.0
"1",0.0,1.0
"1",0.0,1.0
"1",0.0,1.0
"1",0.0,1.0
"1",0.0,1.0
"1",0.0,1.0
"1",0.0,1.0
"1",0.0,1.0
"1",0.0,1.0
"1",0.0,1.0
"1",0.0,1.0
"1",0.0,1.0
"1",0.0,1.0
"1",0.0,1.0
"1",0.0,1.0
"1",0.0,1.0
"1",0.0,1.0
"1",0.0,1.0
"1",0.0,1.0
"1",0.0,1.0
"1",0.0,1.0
"1",0.0,1.0
"1",0.0,1.0
"1",0.0,1.0
"1",0.0,1.0
"1",0.0,1.0
"1",0.0,1.0
"1",0.0,1.0
"1",0.0,1.0
"1",0.0,1.0
"1",0.0,1.0
"1",0.0,1.0
"1",0.0,1.0
"1",0.0,1.0
"1",0.0,1.0
"1",0.0,1.0
"1",0.0,1.0
"1",0.0,1.0
"1",0.0,1.0
"1",0.0,1.0
"1",0.0,1.0
"1",0.0,1.0
"1",0.0,1.0
"1",0.0,1.0
"1",0.0,1.0
"1",0.0,1.0
"1",0.0,1.0
"1",0.0,1.0
"1",0.0,1.0
"1",0.0,1.0
"1",0.0,1.0
"1",0.0,1.0
"1",0.0,1.0
"1",0.0,1.0
"1",0.0,1.0
"1",0.0,1.0
"1",0.0,1.0
"1",0.0,1.0
"1",0.0,1.0
"1",0.0,1.0
"1",0.0,1.0
"1",0.0,1.0
"1",0.0,1.0
"1",0.0,1.0
"1",0.0,1.0
"1",0.0,1.0
"1",0.0,1.0
"1",0.0,1.0
"1",0.0,1.0
"1",0.0,1.0
"1",0.0,1.0
"1",0.0,1.0
"1",0.0,1.0
"1",0.0,1.0
"1",0.0,1.0
"1",0.0,1.0
"1",0.0,1.0
"1",0.0,1.0
"1",0.0,1.0
"1",0.0,1.0
"1",0.0,1.0
"1",0.0,1.0
"1",0.0,1.0
"1",0.0,1.0
"1",0.0,1.0
"1",0.0,1.0
"1",0.0,1.0
"1",0.0,1.0
"1",0.0,1.0
"1",0.0,1.0
"1",0.0,1.0
"1",0.0,1.0
"1",0.0,1.0
"1",0.0,1.0
"1",0.0,1.0
"1",0.0,1.0
"1",0.0,1.0
"1",0.0,1.0
"1",0.0,1.0
"1",0.0,1.0
"1",0.0,1.0
"1",0.0,1.0
"1",0.0,1.0
"1",0.0,1.0
"1",0.0,1.0
"1",0.0,1.0
"1",0.0,1.0
"1",0.0,1.0
"1",0.0,1.0
"1",0.0,1.0
"1",0.0,1.0
"1",0.0,1.0
"1",0.0,1.0
"1",0.0,1.0
"1",0.0,1.0
"1",0.0,1.0
"1",0.0,1.0
"1",0.0,1.0
"1",0.0,1.0
"1",0.0,1.0
"1",0.0,1.0
"1",0.0,1.0
"1",0.0,1.0
"1",0.0,1.0
"1",0.0,1.0
"1",0.0,1.0
"1",0.0,1.0
"1",0.0,1.0
"1",0.0,1.0
"1",0.0,1.0
"1",0.0,1.0
"1",0.0,1.0
"1",0.0,1.0
"1",0.0,1.0
"1",0.0,1.0
"1",0.0,1.0
"1",0.0,1.0
"1",0.0,1.0
"1",0.0,1.0
"1",0.0,1.0
"1",0.0,1.0
"1",0.0,1.0
"1",0.0,1.0
"1",0.0,1.0
"1",0.0,1.0
"1",0.0,1.0
"1",0.0,1.0
"1",0.0,1.0
"1",0.0,1.0
"1",0.0,1.0
"1",0.0,1.0
"1",0.0,1.0
"1",0.0,1.0
"1",0.0,1.0
"1",0.0,1.0
"1",0.0,1.0
"1",0.0,1.0
"1",0.0,1.0
"1",0.0,1.0
"1",0.0,1.0
"1",0.0,1.0
"1",0.0,1.0
"1",0.0,1.0
"1",0.0,1.0
"1",0.0,1.0
"1",0.0,1.0
"1",0.0,1.0
"1",0.0,1.0
"1",0.0,1.0
"1",0.0,1.0
"1",0.0,1.0
"1",0.0,1.0
"1",0.0,1.0
"1",0.0,1.0
"1",0.0,1.0
"1",0.0,1.0
"1",0.0,1.0
"1",0.0,1.0
"1",0.0,1.0
"1",0.0,1.0
"1",0.0,1.0
"1",0.0,1.0
"1",0.0,1.0
"1",0.0,1.0
"1",0.0,1.0
"1",0.0,1.0
"1",0.0,1.0
"1",0.0,1.0
"1",0.0,1.0
"1",0.0,1.0
"1",0.0,1.0
"1",0.0,1.0
"1",0.0,1.0
"1",0.0,1.0
"1",0.0,1.0
"1",0.0,1.0
"1",0.0,1.0
"1",0.0,1.0
"1",0.0,1.0
"1",0.0,1.0
"1",0.0,1.0
"1",0.0,1.0
"1",0.0,1.0
"1",0.0,1.0
"1",0.0,1.0
"1",0.0,1.0
"1",0.0,1.0
"1",0.0,1.0
"1",0.0,1.0
"1",0.0,1.0
"1",0.0,1.0
"1",0.0,1.0
"1",0.0,1.0
"1",0.0,1.0
"1",0.0,1.0
"1",0.0,1.0
"1",0.0,1.0
"1",0.0,1.0
"1",0.0,1.0
"1",0.0,1.0
"1",0.0,1.0
"1",0.0,1.0
"1",0.0,1.0
"1",0.0,1.0
"1",0.0,1.0
"1",0.0,1.0
"1",0.0,1.0
"1",0.0,1.0
"1",0.0,1.0
"1",0.0,1.0
"1",0.0,1.0
"1",0.0,1.0
"1",0.0,1.0
"1",0.0,1.0
"1",0.0,1.0
"1",0.0,1.0
"1",0.0,1.0
"1",0.0,1.0
"1",0.0,1.0
"1",0.0,1.0
"1",0.0,1.0
"1",0.0,1.0
"1",0.0,1.0
"1",0.0,1.0
"1",0.0,1.0
"1",0.0,1.0
"1",0.0,1.0
"1",0.0,1.0
"1",0.0,1.0
"1",0.0,1.0
"1",0.0,1.0
"1",0.0,1.0
"1",0.0,1.0
"1",0.0,1.0
"1",0.0,1.0
"1",0.0,1.0
"1",0.0,1.0
"1",0.0,1.0
"1",0.0,1.0
"1",0.0,1.0
"1",0.0,1.0
"1",0.0,1.0
"1",0.0,1.0
"1",0.0,1.0
"1",0.0,1.0
"1",0.0,1.0
"1",0.0,1.0
"1",0.0,1.0
"1",0.0,1.0
"1",0.0,1.0
"1",0.0,1.0
"1",0.0,1.0
"1",0.0,1.0
"1",0.0,1.0
"1",0.0,1.0
"1",0.0,1.0
"1",0.0,1.0
"1",0.0,1.0
"1",0.0,1.0
"1",0.0,1.0
"1",0.0,1.0
"1",0.0,1.0
"1",0.0,1.0
"1",0.0,1.0
"1",0.0,1.0
"1",0.0,1.0
"1",0.0,1.0
"1",0.0,1.0
"1",0.0,1.0
"1",0.0,1.0
"1",0.0,1.0
"1",0.0,1.0
"1",0.0,1.0
"1",0.0,1.0
"1",0.0,1.0
"1",0.0,1.0
"1",0.0,1.0
"1",0.0,1.0
"1",0.0,1.0
"1",0.0,1.0
"1",0.0,1.0
"1",0.0,1.0
"1",0.0,1.0
"1",0.0,1.0
"1",0.0,1.0
"1",0.0,1.0
"1",0.0,1.0
"1",0.0,1.0
"1",0.0,1.0
"1",0.0,1.0
"1",0.0,1.0
"1",0.0,1.0
"1",0.0,1.0
"1",0.0,1.0
"1",0.0,1.0
"1",0.0,1.0
"1",0.0,1.0
"1",0.0,1.0
"1",0.0,1.0
"1",0.0,1.0
"1",0.0,1.0
"1",0.0,1.0
"1",0.0,1.0
"1",0.0,1.0
"1",0.0,1.0
"1",0.0,1.0
"1",0.0,1.0
"1",0.0,1.0
"1",0.0,1.0
"1",0.0,1.0
"1",0.0,1.0
"1",0.0,1.0
"1",0.0,1.0
"1",0.0,1.0
"1",0.0,1.0
"1",0.0,1.0
"1",0.0,1.0
"1",0.0,1.0
"1",0.0,1.0
"1",0.0,1.0
"1",0.0,1.0
"1",0.0,1.0
"1",0.0,1.0
"1",0.0,1.0
"1",0.0,1.0
"1",0.0,1.0
"1",0.0,1.0
"1",0.0,1.0
"1",0.0,1.0
"1",0.0,1.0
"1",0.0,1.0
"1",0.0,1.0
"1",0.0,1.0
"1",0.0,1.0
"1",0.0,1.0
"1",0.0,1.0
"1",0.0,1.0
"1",0.0,1.0
"1",0.0,1.0
"1",0.0,1.0
"1",0.0,1.0
"1",0.0,1.0
"1",0.0,1.0
"1",0.0,1.0
"1",0.0,1.0
"1",0.0,1.0
"1",0.0,1.0
"1",0.0,1.0
"1",0.0,1.0
"1",0.0,1.0
"1",0.0,1.0
"1",0.0,1.0
"1",0.0,1.0
"1",0.0,1.0
"1",0.0,1.0
"1",0.0,1.0
"1",0.0,1.0
"1",0.0,1.0
"1",0.0,1.0
"1",0.0,1.0
"1",0.0,1.0
"1",0.0,1.0
"1",0.0,1.0
"1",0.0,1.0
"1",0.0,1.0
"1",0.0,1.0
"1",0.0,1.0
"1",0.0,1.0
"1",0.0,1.0
"1",0.0,1.0
"1",0.0,1.0
"1",0.0,1.0
"1",0.0,1.0
"1",0.0,1.0
"1",0.0,1.0
"1",0.0,1.0
"1",0.0,1.0
"1",0.0,1.0
"1",0.0,1.0
"1",0.0,1.0
"1",0.0,1.0
"1",0.0,1.0
"1",0.0,1.0
"1",0.0,1.0
"1",0.0,1.0
"1",0.0,1.0
"1",0.0,1.0
"1",0.0,1.0
"1",0.0,1.0
"1",0.0,1.0
"1",0.0,1.0
"1",0.0,1.0
"1",0.0,1.0
"1",0.0,1.0
"1",0.0,1.0
"1",0.0,1.0
"1",0.0,1.0
"1",0.0,1.0
"1",0.0,1.0
"1",0.0,1.0
"1",0.0,1.0
"1",0.0,1.0
"1",0.0,1.0
"1",0.0,1.0
"1",0.0,1.0
"1",0.0,1.0
"1",0.0,1.0
"1",0.0,1.0
"1",0.0,1.0
"1",0.0,1.0
"1",0.0,1.0
"1",0.0,1.0
"1",0.0,1.0
"1",0.0,1.0
"1",0.0,1.0
"1",0.0,1.0
"1",0.0,1.0
"1",0.0,1.0
"1",0.0,1.0
"1",0.0,1.0
"1",0.0,1.0
"1",0.0,1.0
"1",0.0,1.0
"1",0.0,1.0
"1",0.0,1.0
"1",0.0,1.0
"1",0.0,1.0
"1",0.0,1.0
"1",0.0,1.0
"1",0.0,1.0
"1",0.0,1.0
"1",0.0,1.0
"1",0.0,1.0
"1",0.0,1.0
"1",0.0,1.0
"1",0.0,1.0
"1",0.0,1.0
"1",0.0,1.0
"1",0.0,1.0
"1",0.0,1.0
"1",0.0,1.0
"1",0.0,1.0
"1",0.0,1.0
"1",0.0,1.0
"1",0.0,1.0
"1",0.0,1.0
"1",0.0,1.0
"1",0.0,1.0
"1",0.0,1.0
"1",0.0,1.0
"1",0.0,1.0
"1",0.0,1.0
"1",0.0,1.0
"1",0.0,1.0
"1",0.0,1.0
"1",0.0,1.0
"1",0.0,1.0
"1",0.0,1.0
"1",0.0,1.0
"1",0.0,1.0
"1",0.0,1.0
"1",0.0,1.0
"1",0.0,1.0
"1",0.0,1.0
"1",0.0,1.0
"1",0.0,1.0
"1",0.0,1.0
"1",0.0,1.0
"1",0.0,1.0
"1",0.0,1.0
"1",0.0,1.0
"1",0.0,1.0
"1",0.0,1.0
"1",0.0,1.0
"1",0.0,1.0
"1",0.0,1.0
"1",0.0,1.0
"1",0.0,1.0
"1",0.0,1.0
"1",0.0,1.0
"1",0.0,1.0
"1",0.0,1.0
"1",0.0,1.0
"1",0.0,1.0
"1",0.0,1.0
"1",0.0,1.0
"1",0.0,1.0
"1",0.0,1.0
"1",0.0,1.0
"1",0.0,1.0
"1",0.0,1.0
"1",0.0,1.0
"1",0.0,1.0
"1",0.0,1.0
"1",0.0,1.0
"1",0.0,1.0
"1",0.0,1.0
"1",0.0,1.0
"1",0.0,1.0
"1",0.0,1.0
"1",0.0,1.0
"1",0.0,1.0
"1",0.0,1.0
"1",0.0,1.0
"1",0.0,1.0
"1",0.0,1.0
"1",0.0,1.0
"1",0.0,1.0
"1",0.0,1.0
"1",0.0,1.0
"1",0.0,1.0
"1",0.0,1.0
"1",0.0,1.0
"1",0.0,1.0
"1",0.0,1.0
"1",0.0,1.0
"1",0.0,1.0
"1",0.0,1.0
"1",0.0,1.0
"1",0.0,1.0
"1",0.0,1.0
"1",0.0,1.0
"1",0.0,1.0
"1",0.0,1.0
"1",0.0,1.0
"1",0.0,1.0
"1",0.0,1.0
"1",0.0,1.0
"1",0.0,1.0
"1",0.0,1.0
"1",0.0,1.0
"1",0.0,1.0
"1",0.0,1.0
"1",0.0,1.0
"1",0.0,1.0
"1",0.0,1.0
"1",0.0,1.0
"1",0.0,1.0
"1",0.0,1.0
"1",0.0,1.0
"1",0.0,1.0
"1",0.0,1.0
"1",0.0,1.0
"1",0.0,1.0
"1",0.0,1.0
"1",0.0,1.0
"1",0.0,1.0
"1",0.0,1.0
"1",0.0,1.0
"1",0.0,1.0
"1",0.0,1.0
"1",0.0,1.0
"1",0.0,1.0
"1",0.0,1.0
"1",0.0,1.0
"1",0.0,1.0
"1",0.0,1.0
"1",0.0,1.0
"1",0.0,1.0
"1",0.0,1.0
"1",0.0,1.0
"1",0.0,1.0
"1",0.0,1.0
"1",0.0,1.0
"1",0.0,1.0
"1",0.0,1.0
"1",0.0,1.0
"1",0.0,1.0
"1",0.0,1.0
"1",0.0,1.0
"1",0.0,1.0
"1",0.0,1.0
"1",0.0,1.0
"1",0.0,1.0
"1",0.0,1.0
"1",0.0,1.0
"1",0.0,1.0
"1",0.0,1.0
"1",0.0,1.0
"1",0.0,1.0
"1",0.0,1.0
"1",0.0,1.0
"1",0.0,1.0
"1",0.0,1.0
"1",0.0,1.0
"1",0.0,1.0
"1",0.0,1.0
"1",0.0,1.0
"1",0.0,1.0
"1",0.0,1.0
"1",0.0,1.0
"1",0.0,1.0
"1",0.0,1.0
"1",0.0,1.0
"1",0.0,1.0
"1",0.0,1.0
"1",0.0,1.0
"1",0.0,1.0
"1",0.0,1.0
"1",0.0,1.0
"1",0.0,1.0
"1",0.0,1.0
"1",0.0,1.0
"1",0.0,1.0
"1",0.0,1.0
"1",0.0,1.0
"1",0.0,1.0
"1",0.0,1.0
"1",0.0,1.0
"1",0.0,1.0
"1",0.0,1.0
"1",0.0,1.0
"1",0.0,1.0
"1",0.0,1.0
"1",0.0,1.0
"1",0.0,1.0
"1",0.0,1.0
"1",0.0,1.0
"1",0.0,1.0
"1",0.0,1.0
"1",0.0,1.0
"1",0.0,1.0
"1",0.0,1.0
"1",0.0,1.0
"1",0.0,1.0
"1",0.0,1.0
"1",0.0,1.0
"1",0.0,1.0
"1",0.0,1.0
"1",0.0,1.0
"1",0.0,1.0
"1",0.0,1.0
"1",0.0,1.0
"1",0.0,1.0
"1",0.0,1.0
"1",0.0,1.0
"1",0.0,1.0
"1",0.0,1.0
"1",0.0,1.0
"1",0.0,1.0
"1",0.0,1.0
"1",0.0,1.0
"1",0.0,1.0
"1",0.0,1.0
"1",0.0,1.0
"1",0.0,1.0
"1",0.0,1.0
"1",0.0,1.0
"1",0.0,1.0
"1",0.0,1.0
"1",0.0,1.0
"1",0.0,1.0
"1",0.0,1.0
"1",0.0,1.0
"1",0.0,1.0
"1",0.0,1.0
"1",0.0,1.0
"1",0.0,1.0
"1",0.0,1.0
"1",0.0,1.0
"1",0.0,1.0
"1",0.0,1.0
"1",0.0,1.0
"1",0.0,1.0
"1",0.0,1.0
"1",0.0,1.0
"1",0.0,1.0
"1",0.0,1.0
"1",0.0,1.0
"1",0.0,1.0
"1",0.0,1.0
"1",0.0,1.0
"1",0.0,1.0
"1",0.0,1.0
"1",0.0,1.0
"1",0.0,1.0
"1",0.0,1.0
"1",0.0,1.0
"1",0.0,1.0
"1",0.0,1.0
"1",0.0,1.0
"1",0.0,1.0
"1",0.0,1.0
"1",0.0,1.0
"1",0.0,1.0
"1",0.0,1.0
"1",0.0,1.0
"1",0.0,1.0
"1",0.0,1.0
"1",0.0,1.0
"1",0.0,1.0
"1",0.0,1.0
"1",0.0,1.0
"1",0.0,1.0
"1",0.0,1.0
"1",0.0,1.0
"1",0.0,1.0
"1",0.0,1.0
"1",0.0,1.0
"1",0.0,1.0
"1",0.0,1.0
"1",0.0,1.0
"1",0.0,1.0
"1",0.0,1.0
"1",0.0,1.0
"1",0.0,1.0
"1",0.0,1.0
"1",0.0,1.0
"1",0.0,1.0
"1",0.0,1.0
"1",0.0,1.0
"1",0.0,1.0
"1",0.0,1.0
"1",0.0,1.0
"1",0.0,1.0
"1",0.0,1.0
"1",0.0,1.0
"1",0.0,1.0
"1",0.0,1.0
"1",0.0,1.0
"1",0.0,1.0
"1",0.0,1.0
"1",0.0,1.0
"1",0.0,1.0
"1",0.0,1.0
"1",0.0,1.0
"1",0.0,1.0
"1",0.0,1.0
"1",0.0,1.0
"1",0.0,1.0
"1",0.0,1.0
"1",0.0,1.0
"1",0.0,1.0
"1",0.0,1.0
"1",0.0,1.0
"1",0.0,1.0
"1",0.0,1.0
"1",0.0,1.0
"1",0.0,1.0
"1",0.0,1.0
"1",0.0,1.0
"1",0.0,1.0
"1",0.0,1.0
"1",0.0,1.0
"1",0.0,1.0
"1",0.0,1.0
"1",0.0,1.0
"1",0.0,1.0
"1",0.0,1.0
"1",0.0,1.0
"1",0.0,1.0
"1",0.0,1.0
"1",0.0,1.0
"1",0.0,1.0
"1",0.0,1.0
"1",0.0,1.0
"1",0.0,1.0
"1",0.0,1.0
"1",0.0,1.0
"1",0.0,1.0
"1",0.0,1.0
"1",0.0,1.0
"1",0.0,1.0
"1",0.0,1.0
"1",0.0,1.0
"1",0.0,1.0
"1",0.0,1.0
"1",0.0,1.0
"1",0.0,1.0
"1",0.0,1.0
"1",0.0,1.0
"1",0.0,1.0
"1",0.0,1.0
"1",0.0,1.0
"1",0.0,1.0
"1",0.0,1.0
"1",0.0,1.0
"1",0.0,1.0
"1",0.0,1.0
"1",0.0,1.0
"1",0.0,1.0
"1",0.0,1.0
"1",0.0,1.0
"1",0.0,1.0
"1",0.0,1.0
"1",0.0,1.0
"1",0.0,1.0
"1",0.0,1.0
"1",0.0,1.0
"1",0.0,1.0
"1",0.0,1.0
"1",0.0,1.0
"1",0.0,1.0
"1",0.0,1.0
"1",0.0,1.0
"1",0.0,1.0
"1",0.0,1.0
"1",0.0,1.0
"1",0.0,1.0
"1",0.0,1.0
"1",0.0,1.0
"1",0.0,1.0
"1",0.0,1.0
"1",0.0,1.0
"1",0.0,1.0
"1",0.0,1.0
"1",0.0,1.0
"1",0.0,1.0
"1",0.0,1.0
"1",0.0,1.0
"1",0.0,1.0
"1",0.0,1.0
"1",0.0,1.0
"1",0.0,1.0
"1",0.0,1.0
"1",0.0,1.0
"1",0.0,1.0
"1",0.0,1.0
"1",0.0,1.0
"1",0.0,1.0
"1",0.0,1.0
"1",0.0,1.0
"1",0.0,1.0
"1",0.0,1.0
"0",2.6645352591003757E-15,0.9999999999999973
"1",0.0,1.0
"1",0.0,1.0
"1",0.0,1.0
"1",0.0,1.0
"1",0.0,1.0
"1",0.0,1.0
"1",0.0,1.0
"1",0.0,1.0
"1",0.0,1.0
"1",0.0,1.0
"1",0.0,1.0
"1",0.0,1.0
"1",0.0,1.0
"1",0.0,1.0
"1",0.0,1.0
"1",0.0,1.0
"1",0.0,1.0
"1",0.0,1.0
"1",0.0,1.0
"1",0.0,1.0
"1",0.0,1.0
"1",0.0,1.0
"1",0.0,1.0
"1",0.0,1.0
"1",0.0,1.0
"1",0.0,1.0
"1",0.0,1.0
"1",0.0,1.0
"1",0.0,1.0
"1",0.0,1.0
"1",0.0,1.0
"1",0.0,1.0
"1",0.0,1.0
"1",0.0,1.0
"1",0.0,1.0
"1",0.0,1.0
"1",0.0,1.0
"1",0.0,1.0
"1",0.0,1.0
"1",0.0,1.0
"1",0.0,1.0
"1",0.0,1.0
"1",0.0,1.0
"1",0.0,1.0
"1",0.0,1.0
"1",0.0,1.0
"1",0.0,1.0
"1",0.0,1.0
"1",0.0,1.0
"1",0.0,1.0
"1",0.0,1.0
"1",0.0,1.0
"1",0.0,1.0
"1",0.0,1.0
"1",0.0,1.0
"1",0.0,1.0
"1",0.0,1.0
"1",0.0,1.0
"1",0.0,1.0
"1",0.0,1.0
"1",0.0,1.0
"1",0.0,1.0
"1",0.0,1.0
"1",0.0,1.0
"1",0.0,1.0
"1",0.0,1.0
"1",0.0,1.0
"1",0.0,1.0
"1",0.0,1.0
"1",0.0,1.0
"1",0.0,1.0
"1",0.0,1.0
"1",0.0,1.0
"1",0.0,1.0
"1",0.0,1.0
"1",0.0,1.0
"1",0.0,1.0
"1",0.0,1.0
"1",0.0,1.0
"1",0.0,1.0
"1",0.0,1.0
"1",0.0,1.0
"1",0.0,1.0
"1",0.0,1.0
"1",0.0,1.0
"1",0.0,1.0
"1",0.0,1.0
"1",0.0,1.0
"1",0.0,1.0
"1",0.0,1.0
"1",0.0,1.0
"1",0.0,1.0
"1",0.0,1.0
"1",0.0,1.0
"1",0.0,1.0
"1",0.0,1.0
"1",0.0,1.0
"1",0.0,1.0
"1",0.0,1.0
"1",0.0,1.0
"1",0.0,1.0
"1",0.0,1.0
"1",0.0,1.0
"1",0.0,1.0
"1",0.0,1.0
"1",0.0,1.0
"1",0.0,1.0
"1",0.0,1.0
"1",0.0,1.0
"1",0.0,1.0
"1",0.0,1.0
"1",0.0,1.0
"1",0.0,1.0
"1",0.0,1.0
"1",0.0,1.0
"1",0.0,1.0
"1",0.0,1.0
"1",0.0,1.0
"1",0.0,1.0
"1",0.0,1.0
"1",0.0,1.0
"1",0.0,1.0
"1",0.0,1.0
"1",0.0,1.0
"1",0.0,1.0
"1",0.0,1.0
"1",0.0,1.0
"1",0.0,1.0
"1",0.0,1.0
"1",0.0,1.0
"1",0.0,1.0
"1",0.0,1.0
"1",0.0,1.0
"1",0.0,1.0
"1",0.0,1.0
"1",0.0,1.0
"1",0.0,1.0
"1",0.0,1.0
"1",0.0,1.0
"1",0.0,1.0
"1",0.0,1.0
"1",0.0,1.0
"1",0.0,1.0
"1",0.0,1.0
"1",0.0,1.0
"1",0.0,1.0
"1",0.0,1.0
"1",0.0,1.0
"1",0.0,1.0
"1",0.0,1.0
"1",0.0,1.0
"1",0.0,1.0
"1",0.0,1.0
"1",0.0,1.0
"1",0.0,1.0
"1",0.0,1.0
"1",0.0,1.0
"1",0.0,1.0
"1",0.0,1.0
"1",0.0,1.0
"1",0.0,1.0
"1",0.0,1.0
"1",0.0,1.0
"1",0.0,1.0
"1",0.0,1.0
"1",0.0,1.0
"1",0.0,1.0
"1",0.0,1.0
"1",0.0,1.0
"1",0.0,1.0
"1",0.0,1.0
"1",0.0,1.0
"1",0.0,1.0
"1",0.0,1.0
"1",0.0,1.0
"1",0.0,1.0
"1",0.0,1.0
"1",0.0,1.0
"1",0.0,1.0
"1",0.0,1.0
"1",0.0,1.0
"1",0.0,1.0
"1",0.0,1.0
"1",0.0,1.0
"1",0.0,1.0
"1",0.0,1.0
"1",0.0,1.0
"1",0.0,1.0
"1",0.0,1.0
"1",0.0,1.0
"1",0.0,1.0
"1",0.0,1.0
"1",0.0,1.0
"1",0.0,1.0
"1",0.0,1.0
"1",0.0,1.0
"1",0.0,1.0
"1",0.0,1.0
"1",0.0,1.0
"1",0.0,1.0
"1",0.0,1.0
"1",0.0,1.0
"1",0.0,1.0
"1",0.0,1.0
"1",0.0,1.0
"1",0.0,1.0
"1",0.0,1.0
"1",0.0,1.0
"1",0.0,1.0
"1",0.0,1.0
"1",0.0,1.0
"1",0.0,1.0
"1",0.0,1.0
"1",0.0,1.0
"1",0.0,1.0
"1",0.0,1.0
"1",0.0,1.0
"1",0.0,1.0
"1",0.0,1.0
"1",0.0,1.0
"1",0.0,1.0
"1",0.0,1.0
"1",0.0,1.0
"1",0.0,1.0
"1",0.0,1.0
"1",0.0,1.0
"1",0.0,1.0
"1",0.0,1.0
"1",0.0,1.0
"1",0.0,1.0
"1",0.0,1.0
"1",0.0,1.0
"1",0.0,1.0
"1",0.0,1.0
"1",0.0,1.0
"1",0.0,1.0
"1",0.0,1.0
"1",0.0,1.0
"1",0.0,1.0
"1",0.0,1.0
"1",0.0,1.0
"1",0.0,1.0
"1",0.0,1.0
"1",0.0,1.0
"1",0.0,1.0
"1",0.0,1.0
"1",0.0,1.0
"1",0.0,1.0
"1",0.0,1.0
"1",0.0,1.0
"1",0.0,1.0
"1",0.0,1.0
"1",0.0,1.0
"1",0.0,1.0
"1",0.0,1.0
"1",0.0,1.0
"1",0.0,1.0
"1",0.0,1.0
"1",0.0,1.0
"1",0.0,1.0
"1",0.0,1.0
"1",0.0,1.0
"1",0.0,1.0
"1",0.0,1.0
"1",0.0,1.0
"1",0.0,1.0
"1",0.0,1.0
"1",0.0,1.0
"1",0.0,1.0
"1",0.0,1.0
"1",0.0,1.0
"1",0.0,1.0
"1",0.0,1.0
"1",0.0,1.0
"1",0.0,1.0
"1",0.0,1.0
"1",0.0,1.0
"1",0.0,1.0
"1",0.0,1.0
"1",0.0,1.0
"1",0.0,1.0
"1",0.0,1.0
"1",0.0,1.0
"1",0.0,1.0
"1",0.0,1.0
"1",0.0,1.0
"1",0.0,1.0
"1",0.0,1.0
"1",0.0,1.0
"1",0.0,1.0
"1",0.0,1.0
"1",0.0,1.0
"1",0.0,1.0
"1",0.0,1.0
"1",0.0,1.0
"1",0.0,1.0
"1",0.0,1.0
"1",0.0,1.0
"1",0.0,1.0
"1",0.0,1.0
"1",0.0,1.0
"1",0.0,1.0
"1",0.0,1.0
"1",0.0,1.0
"1",0.0,1.0
"1",0.0,1.0
"1",0.0,1.0
"1",0.0,1.0
"1",0.0,1.0
"1",0.0,1.0
"1",0.0,1.0
"1",0.0,1.0
"1",0.0,1.0
"1",0.0,1.0
"1",0.0,1.0
"1",0.0,1.0
"1",0.0,1.0
"1",0.0,1.0
"1",0.0,1.0
"1",0.0,1.0
"1",0.0,1.0
"1",0.0,1.0
"1",0.0,1.0
"1",0.0,1.0
"1",0.0,1.0
"1",0.0,1.0
"1",0.0,1.0
"1",0.0,1.0
"1",0.0,1.0
"1",0.0,1.0
"1",0.0,1.0
"1",0.0,1.0
"1",0.0,1.0
"1",0.0,1.0
"1",0.0,1.0
"1",0.0,1.0
"1",0.0,1.0
"1",0.0,1.0
"1",0.0,1.0
"1",0.0,1.0
"1",0.0,1.0
"1",0.0,1.0
"1",0.0,1.0
"1",0.0,1.0
"1",0.0,1.0
"1",0.0,1.0
"1",0.0,1.0
"1",0.0,1.0
"1",0.0,1.0
"1",0.0,1.0
"1",0.0,1.0
"1",0.0,1.0
"1",0.0,1.0
"1",0.0,1.0
"1",0.0,1.0
"1",0.0,1.0
"1",0.0,1.0
"1",0.0,1.0
"1",0.0,1.0
"1",0.0,1.0
"1",0.0,1.0
"1",0.0,1.0
"1",0.0,1.0
"1",0.0,1.0
"1",0.0,1.0
"1",0.0,1.0
"1",0.0,1.0
"1",0.0,1.0
"1",0.0,1.0
"1",0.0,1.0
"1",0.0,1.0
"1",0.0,1.0
"1",0.0,1.0
"1",0.0,1.0
"1",0.0,1.0
"1",0.0,1.0
"1",0.0,1.0
"1",0.0,1.0
"1",0.0,1.0
"1",0.0,1.0
"1",0.0,1.0
"1",0.0,1.0
"1",0.0,1.0
"1",0.0,1.0
"1",0.0,1.0
"1",0.0,1.0
"1",0.0,1.0
"1",0.0,1.0
"1",0.0,1.0
"1",0.0,1.0
"1",0.0,1.0
"1",0.0,1.0
"1",0.0,1.0
"1",0.0,1.0
"1",0.0,1.0
"1",0.0,1.0
"1",0.0,1.0
"1",0.0,1.0
"1",0.0,1.0
"1",0.0,1.0
"1",0.0,1.0
"1",0.0,1.0
"1",0.0,1.0
"1",0.0,1.0
"1",0.0,1.0
"1",0.0,1.0
"1",0.0,1.0
"1",0.0,1.0
"1",0.0,1.0
"1",0.0,1.0
"1",0.0,1.0
"1",0.0,1.0
"1",0.0,1.0
"1",0.0,1.0
"1",0.0,1.0
"1",0.0,1.0
"1",0.0,1.0
"1",0.0,1.0
"1",0.0,1.0
"1",0.0,1.0
"1",0.0,1.0
"1",0.0,1.0
"1",0.0,1.0
"1",0.0,1.0
"1",0.0,1.0
"1",0.0,1.0
"1",0.0,1.0
"1",0.0,1.0
"1",0.0,1.0
"1",0.0,1.0
"1",0.0,1.0
"1",0.0,1.0
"1",0.0,1.0
"1",0.0,1.0
"1",0.0,1.0
"1",0.0,1.0
"1",0.0,1.0
"1",0.0,1.0
"1",0.0,1.0
"1",0.0,1.0
"1",0.0,1.0
"1",0.0,1.0
"1",0.0,1.0
"1",0.0,1.0
"1",0.0,1.0
"1",0.0,1.0
"1",0.0,1.0
"1",0.0,1.0
"1",0.0,1.0
"1",0.0,1.0
"1",0.0,1.0
"1",0.0,1.0
"1",0.0,1.0
"1",0.0,1.0
"1",0.0,1.0
"1",0.0,1.0
"1",0.0,1.0
"1",0.0,1.0
"1",0.0,1.0
"1",0.0,1.0
"1",0.0,1.0
"1",0.0,1.0
"1",0.0,1.0
"1",0.0,1.0
"1",0.0,1.0
"1",0.0,1.0
"1",0.0,1.0
"1",0.0,1.0
"1",0.0,1.0
"1",0.0,1.0
"1",0.0,1.0
"1",0.0,1.0
"1",0.0,1.0
"1",0.0,1.0
"1",0.0,1.0
"1",0.0,1.0
"1",0.0,1.0
"1",0.0,1.0
"1",0.0,1.0
"1",0.0,1.0
"1",0.0,1.0
"1",0.0,1.0
"1",0.0,1.0
"1",0.0,1.0
"1",0.0,1.0
"1",0.0,1.0
"1",0.0,1.0
"1",0.0,1.0
"1",0.0,1.0
"1",0.0,1.0
"1",0.0,1.0
"1",0.0,1.0
"1",0.0,1.0
"1",0.0,1.0
"1",0.0,1.0
"1",0.0,1.0
"1",0.0,1.0
"1",0.0,1.0
"1",0.0,1.0
"1",0.0,1.0
"1",0.0,1.0
"1",0.0,1.0
"1",0.0,1.0
"1",0.0,1.0
"1",0.0,1.0
"1",0.0,1.0
"1",0.0,1.0
"1",0.0,1.0
"1",0.0,1.0
"1",0.0,1.0
"1",0.0,1.0
"1",0.0,1.0
"1",0.0,1.0
"1",0.0,1.0
"1",0.0,1.0
"1",0.0,1.0
"1",0.0,1.0
"1",0.0,1.0
"1",0.0,1.0
"1",0.0,1.0
"1",0.0,1.0
"1",0.0,1.0
"1",0.0,1.0
"1",0.0,1.0
"1",0.0,1.0
"1",0.0,1.0
"1",0.0,1.0
"1",0.0,1.0
"1",0.0,1.0
"1",0.0,1.0
"1",0.0,1.0
"1",0.0,1.0
"1",0.0,1.0
"1",0.0,1.0
"1",0.0,1.0
"1",0.0,1.0
"1",0.0,1.0
"1",0.0,1.0
"1",0.0,1.0
"1",0.0,1.0
"1",0.0,1.0
"1",0.0,1.0
"1",0.0,1.0
"1",0.0,1.0
"1",0.0,1.0
"1",0.0,1.0
"1",0.0,1.0
"1",0.0,1.0
"1",0.0,1.0
"1",0.0,1.0
"1",0.0,1.0
"1",0.0,1.0
"1",0.0,1.0
"1",0.0,1.0
"1",0.0,1.0
"1",0.0,1.0
"1",0.0,1.0
"1",0.0,1.0
"1",0.0,1.0
"1",0.0,1.0
"1",0.0,1.0
"1",0.0,1.0
"1",0.0,1.0
"1",0.0,1.0
"1",0.0,1.0
"1",0.0,1.0
"1",0.0,1.0
"1",0.0,1.0
"1",0.0,1.0
"1",0.0,1.0
"1",0.0,1.0
"1",0.0,1.0
"1",0.0,1.0
"1",0.0,1.0
"1",0.0,1.0
"1",0.0,1.0
"1",0.0,1.0
"1",0.0,1.0
"1",0.0,1.0
"1",0.0,1.0
"1",0.0,1.0
"1",0.0,1.0
"1",0.0,1.0
"1",0.0,1.0
"1",0.0,1.0
"1",0.0,1.0
"1",0.0,1.0
"1",0.0,1.0
"1",0.0,1.0
"1",0.0,1.0
"1",0.0,1.0
"1",0.0,1.0
"1",0.0,1.0
"1",0.0,1.0
"1",0.0,1.0
"1",0.0,1.0
"1",0.0,1.0
"1",0.0,1.0
"1",0.0,1.0
"1",0.0,1.0
"1",0.0,1.0
"1",0.0,1.0
"1",0.0,1.0
"1",0.0,1.0
"1",0.0,1.0
"1",0.0,1.0
"1",0.0,1.0
"1",0.0,1.0
"1",0.0,1.0
"1",0.0,1.0
"1",0.0,1.0
"1",0.0,1.0
"1",0.0,1.0
"1",0.0,1.0
"1",0.0,1.0
"1",0.0,1.0
"1",0.0,1.0
"1",0.0,1.0
"1",0.0,1.0
"1",0.0,1.0
"1",0.0,1.0
"1",0.0,1.0
"1",0.0,1.0
"1",0.0,1.0
"1",0.0,1.0
"1",0.0,1.0
"1",0.0,1.0
"1",0.0,1.0
"1",0.0,1.0
"1",0.0,1.0
"1",0.0,1.0
"1",0.0,1.0
"1",0.0,1.0
"1",0.0,1.0
"1",0.0,1.0
"1",0.0,1.0
"1",0.0,1.0
"1",0.0,1.0
"1",0.0,1.0
"1",0.0,1.0
"1",0.0,1.0
"1",0.0,1.0
"1",0.0,1.0
"1",0.0,1.0
"1",0.0,1.0
"1",0.0,1.0
"1",0.0,1.0
"1",0.0,1.0
"1",0.0,1.0
"1",0.0,1.0
"1",0.0,1.0
"1",0.0,1.0
"1",0.0,1.0
"1",0.0,1.0
"1",0.0,1.0
"1",0.0,1.0
"1",0.0,1.0
"1",0.0,1.0
"0",2.220446049250313E-16,0.9999999999999998
"1",0.0,1.0
"1",0.0,1.0
"1",0.0,1.0
"1",0.0,1.0
"1",0.0,1.0
"1",0.0,1.0
"1",0.0,1.0
"1",0.0,1.0
"1",0.0,1.0
"1",0.0,1.0
"1",0.0,1.0
"1",0.0,1.0
"1",0.0,1.0
"1",0.0,1.0
"1",0.0,1.0
"1",0.0,1.0
"1",0.0,1.0
"1",0.0,1.0
"1",0.0,1.0
"1",0.0,1.0
"1",0.0,1.0
"1",0.0,1.0
"1",0.0,1.0
"1",0.0,1.0
"1",0.0,1.0
"1",0.0,1.0
"1",0.0,1.0
"1",0.0,1.0
"1",0.0,1.0
"1",0.0,1.0
"1",0.0,1.0
"1",0.0,1.0
"1",0.0,1.0
"1",0.0,1.0
"1",0.0,1.0
"1",0.0,1.0
"1",0.0,1.0
"1",0.0,1.0
"1",0.0,1.0
"1",0.0,1.0
"1",0.0,1.0
"1",0.0,1.0
"1",0.0,1.0
"1",0.0,1.0
"1",0.0,1.0
"1",0.0,1.0
"1",0.0,1.0
"1",0.0,1.0
"1",0.0,1.0
"1",0.0,1.0
"1",0.0,1.0
"1",0.0,1.0
"1",0.0,1.0
"1",0.0,1.0
"1",0.0,1.0
"1",0.0,1.0
"1",0.0,1.0
"1",0.0,1.0
"1",0.0,1.0
"1",0.0,1.0
"1",0.0,1.0
"1",0.0,1.0
"1",0.0,1.0
"1",0.0,1.0
"1",0.0,1.0
"1",0.0,1.0
"1",0.0,1.0
"1",0.0,1.0
"1",0.0,1.0
"1",0.0,1.0
"1",0.0,1.0
"1",0.0,1.0
"1",0.0,1.0
"1",0.0,1.0
"1",0.0,1.0
"1",0.0,1.0
"1",0.0,1.0
"1",0.0,1.0
"1",0.0,1.0
"1",0.0,1.0
"1",0.0,1.0
"1",0.0,1.0
"1",0.0,1.0
"1",0.0,1.0
"1",0.0,1.0
"1",0.0,1.0
"1",0.0,1.0
"1",0.0,1.0
"1",0.0,1.0
"1",0.0,1.0
"1",0.0,1.0
"1",0.0,1.0
"1",0.0,1.0
"1",0.0,1.0
"1",0.0,1.0
"1",0.0,1.0
"1",0.0,1.0
"1",0.0,1.0
"1",0.0,1.0
"1",0.0,1.0
"1",0.0,1.0
"1",0.0,1.0
"1",0.0,1.0
"1",0.0,1.0
"1",0.0,1.0
"1",0.0,1.0
"1",0.0,1.0
"1",0.0,1.0
"1",0.0,1.0
"1",0.0,1.0
"1",0.0,1.0
"1",0.0,1.0
"1",0.0,1.0
"1",0.0,1.0
"1",0.0,1.0
"1",0.0,1.0
"1",0.0,1.0
"1",0.0,1.0
"1",0.0,1.0
"1",0.0,1.0
"1",0.0,1.0
"1",0.0,1.0
"1",0.0,1.0
"1",0.0,1.0
"1",0.0,1.0
"1",0.0,1.0
"1",0.0,1.0
"1",0.0,1.0
"1",0.0,1.0
"1",0.0,1.0
"1",0.0,1.0
"1",0.0,1.0
"1",0.0,1.0
"1",0.0,1.0
"1",0.0,1.0
"1",0.0,1.0
"1",0.0,1.0
"1",0.0,1.0
"1",0.0,1.0
"1",0.0,1.0
"1",0.0,1.0
"1",0.0,1.0
"1",0.0,1.0
"1",0.0,1.0
"1",0.0,1.0
"1",0.0,1.0
"1",0.0,1.0
"1",0.0,1.0
"1",0.0,1.0
"1",0.0,1.0
"1",0.0,1.0
"1",0.0,1.0
"1",0.0,1.0
"1",0.0,1.0
"1",0.0,1.0
"1",0.0,1.0
"1",0.0,1.0
"1",0.0,1.0
"1",0.0,1.0
"1",0.0,1.0
"1",0.0,1.0
"1",0.0,1.0
"1",0.0,1.0
"1",0.0,1.0
"1",0.0,1.0
"1",0.0,1.0
"1",0.0,1.0
"1",0.0,1.0
"1",0.0,1.0
"1",0.0,1.0
"1",0.0,1.0
"1",0.0,1.0
"1",0.0,1.0
"1",0.0,1.0
"1",0.0,1.0
"1",0.0,1.0
"1",0.0,1.0
"1",0.0,1.0
"0",2.220446049250313E-16,0.9999999999999998
"1",0.0,1.0
"1",0.0,1.0
"1",0.0,1.0
"1",0.0,1.0
"1",0.0,1.0
"1",0.0,1.0
"1",0.0,1.0
"1",0.0,1.0
"1",0.0,1.0
"1",0.0,1.0
"1",0.0,1.0
"1",0.0,1.0
"1",0.0,1.0
"1",0.0,1.0
"1",0.0,1.0
"1",0.0,1.0
"1",0.0,1.0
"1",0.0,1.0
"1",0.0,1.0
"1",0.0,1.0
"1",0.0,1.0
"1",0.0,1.0
"1",0.0,1.0
"1",0.0,1.0
"1",0.0,1.0
"1",0.0,1.0
"1",0.0,1.0
"1",0.0,1.0
"1",0.0,1.0
"1",0.0,1.0
"1",0.0,1.0
"1",0.0,1.0
"1",0.0,1.0
"1",0.0,1.0
"1",0.0,1.0
"1",0.0,1.0
"1",0.0,1.0
"1",0.0,1.0
"1",0.0,1.0
"1",0.0,1.0
"1",0.0,1.0
"1",0.0,1.0
"1",0.0,1.0
"1",0.0,1.0
"1",0.0,1.0
"1",0.0,1.0
"1",0.0,1.0
"1",0.0,1.0
"1",0.0,1.0
"1",0.0,1.0
"1",0.0,1.0
"1",0.0,1.0
"1",0.0,1.0
"1",0.0,1.0
"1",0.0,1.0
"1",0.0,1.0
"1",0.0,1.0
"1",0.0,1.0
"1",0.0,1.0
"1",0.0,1.0
"1",0.0,1.0
"1",0.0,1.0
"1",0.0,1.0
"1",0.0,1.0
"1",0.0,1.0
"1",0.0,1.0
"1",0.0,1.0
"1",0.0,1.0
"1",0.0,1.0
"1",0.0,1.0
"1",0.0,1.0
"1",0.0,1.0
"1",0.0,1.0
"1",0.0,1.0
"1",0.0,1.0
"1",0.0,1.0
"1",0.0,1.0
"1",0.0,1.0
"1",0.0,1.0
"1",0.0,1.0
"1",0.0,1.0
"1",0.0,1.0
"1",0.0,1.0
"1",0.0,1.0
"1",0.0,1.0
"1",0.0,1.0
"1",0.0,1.0
"1",0.0,1.0
"1",0.0,1.0
"1",0.0,1.0
"1",0.0,1.0
"1",0.0,1.0
"1",0.0,1.0
"1",0.0,1.0
"0",1.0,1.0E-19
"0",1.0,1.0E-19
"0",1.0,1.0E-19
"0",1.0,1.0E-19
"0",1.0,1.0E-19
"0",1.0,1.0E-19
"0",1.0,1.0E-19
"0",1.0,1.0E-19
"0",1.0,1.0E-19
"0",1.0,1.0E-19
"0",1.0,1.0E-19
"0",1.0,1.0E-19
"0",1.0,1.0E-19
"0",1.0,1.0E-19
"0",1.0,1.0E-19
"0",0.9999999999999998,1.796470850031363E-16
"0",1.0,1.0E-19
"0",1.0,1.0E-19
"0",1.0,1.0E-19
"0",1.0,1.0E-19
"0",1.0,1.0E-19
"0",1.0,1.0E-19
"0",1.0,1.0E-19
"0",1.0,1.0E-19
"0",1.0,1.0E-19
"0",1.0,1.0E-19
"0",1.0,1.0E-19
"0",1.0,1.0E-19
"0",1.0,1.0E-19
"0",1.0,1.0E-19
"0",1.0,1.0E-19
"0",1.0,1.0E-19
"0",1.0,1.0E-19
"0",1.0,1.0E-19
"0",1.0,1.0E-19
"0",1.0,1.0E-19
"0",1.0,1.0E-19
"0",1.0,1.0E-19
"0",1.0,1.0E-19
"0",1.0,1.0E-19
"0",1.0,1.0E-19
"0",1.0,1.0E-19
"0",1.0,1.0E-19
"0",1.0,1.0E-19
"0",1.0,1.0E-19
"0",1.0,1.0E-19
"0",1.0,1.0E-19
"0",1.0,1.0E-19
"0",1.0,1.0E-19
"0",1.0,1.0E-19
"0",1.0,1.0E-19
"0",1.0,1.0E-19
"0",1.0,1.0E-19
"0",1.0,1.0E-19
"0",1.0,1.0E-19
"0",1.0,1.0E-19
"0",1.0,1.0E-19
"0",1.0,1.0E-19
"0",1.0,1.0E-19
"0",1.0,1.0E-19
"0",1.0,1.0E-19
"0",1.0,1.0E-19
"0",1.0,1.0E-19
"0",1.0,1.0E-19
"0",1.0,1.0E-19
"0",1.0,1.0E-19
"0",1.0,1.0E-19
"0",1.0,1.0E-19
"0",1.0,1.0E-19
"0",1.0,1.0E-19
"0",1.0,1.0E-19
"0",1.0,1.0E-19
"0",1.0,1.0E-19
"0",1.0,1.0E-19
"0",1.0,1.0E-19
"0",1.0,1.0E-19
"0",1.0,1.0E-19
"0",1.0,1.0E-19
"0",1.0,1.0E-19
"0",1.0,1.0E-19
"0",1.0,1.0E-19
"0",1.0,1.0E-19
"0",1.0,1.0E-19
"0",1.0,1.0E-19
"0",1.0,1.0E-19
"0",1.0,1.0E-19
"0",1.0,1.0E-19
"0",1.0,1.0E-19
"0",1.0,1.0E-19
"0",1.0,1.0E-19
"0",1.0,1.0E-19
"0",1.0,1.0E-19
"0",1.0,1.0E-19
"0",1.0,1.0E-19
"0",1.0,1.0E-19
"0",1.0,1.0E-19
"0",1.0,1.0E-19
"0",1.0,1.0E-19
"0",1.0,1.0E-19
"0",1.0,1.0E-19
"0",1.0,1.0E-19
"0",1.0,1.0E-19
"0",1.0,1.0E-19
"0",1.0,1.0E-19
"0",1.0,1.0E-19
"0",1.0,1.0E-19
"0",1.0,1.0E-19
"0",1.0,1.0E-19
"0",1.0,1.0E-19
"0",1.0,1.0E-19
"0",1.0,1.0E-19
"0",1.0,1.0E-19
"0",1.0,1.0E-19
"0",1.0,1.0E-19
"0",1.0,1.0E-19
"0",1.0,1.0E-19
"0",1.0,1.0E-19
"0",1.0,1.0E-19
"0",1.0,1.0E-19
"0",1.0,1.0E-19
"0",1.0,1.0E-19
"0",1.0,1.0E-19
"0",1.0,1.0E-19
"0",1.0,1.0E-19
"0",1.0,1.0E-19
"0",1.0,1.0E-19
"0",1.0,1.0E-19
"0",1.0,1.0E-19
"0",1.0,1.0E-19
"0",1.0,1.0E-19
"0",1.0,1.0E-19
"0",1.0,1.0E-19
"0",1.0,1.0E-19
"0",1.0,1.0E-19
"0",1.0,1.0E-19
"0",1.0,1.0E-19
"0",1.0,1.0E-19
"0",1.0,1.0E-19
"0",1.0,1.0E-19
"0",1.0,1.0E-19
"0",1.0,1.0E-19
"0",1.0,1.0E-19
"0",1.0,1.0E-19
"0",1.0,1.0E-19
"0",1.0,1.0E-19
"0",1.0,1.0E-19
"0",1.0,1.0E-19
"0",1.0,1.0E-19
"0",1.0,1.0E-19
"0",1.0,1.0E-19
"0",1.0,1.0E-19
"0",1.0,1.0E-19
"0",1.0,1.0E-19
"0",1.0,1.0E-19
"0",1.0,1.0E-19
"0",1.0,1.0E-19
"0",1.0,1.0E-19
"0",1.0,1.0E-19
"0",1.0,1.0E-19
"0",1.0,1.0E-19
"0",1.0,1.0E-19
"0",1.0,1.0E-19
"0",1.0,1.0E-19
"0",1.0,1.0E-19
"0",1.0,1.0E-19
"0",1.0,1.0E-19
"0",1.0,1.0E-19
"0",1.0,1.0E-19
"0",1.0,1.0E-19
"0",1.0,1.0E-19
"0",1.0,1.0E-19
"0",1.0,1.0E-19
"0",1.0,1.0E-19
"0",1.0,1.0E-19
"0",1.0,1.0E-19
"0",1.0,1.0E-19
"0",1.0,1.0E-19
"0",1.0,1.0E-19
"0",1.0,1.0E-19
"0",1.0,1.0E-19
"0",1.0,1.0E-19
"0",1.0,1.0E-19
"0",1.0,1.0E-19
"0",1.0,1.0E-19
"0",1.0,1.0E-19
"0",1.0,1.0E-19
"0",1.0,1.0E-19
"0",1.0,1.0E-19
"0",1.0,1.0E-19
"0",1.0,1.0E-19
"0",1.0,1.0E-19
"0",1.0,1.0E-19
"0",1.0,1.0E-19
"0",1.0,1.0E-19
"0",1.0,1.0E-19
"0",1.0,1.0E-19
"0",1.0,1.0E-19
"0",1.0,1.0E-19
"0",1.0,1.0E-19
"0",1.0,1.0E-19
"0",1.0,1.0E-19
"0",1.0,1.0E-19
"0",1.0,1.0E-19
"0",1.0,1.0E-19
"0",1.0,1.0E-19
"0",1.0,1.0E-19
"0",1.0,1.0E-19
"0",1.0,1.0E-19
"0",1.0,1.0E-19
"0",1.0,1.0E-19
"0",1.0,1.0E-19
"0",1.0,1.0E-19
"0",1.0,1.0E-19
"0",1.0,1.0E-19
"0",1.0,1.0E-19
"0",1.0,1.0E-19
"0",1.0,1.0E-19
"0",1.0,1.0E-19
"0",1.0,1.0E-19
"0",1.0,1.0E-19
"0",1.0,1.0E-19
"0",1.0,1.0E-19
"0",1.0,1.0E-19
"0",1.0,1.0E-19
"0",1.0,1.0E-19
"0",1.0,1.0E-19
"0",1.0,1.0E-19
"0",1.0,1.0E-19
"0",1.0,1.0E-19
"0",1.0,1.0E-19
"0",1.0,1.0E-19
"0",1.0,1.0E-19
"0",1.0,1.0E-19
"0",1.0,1.0E-19
"0",1.0,1.0E-19
"0",1.0,1.0E-19
"0",1.0,1.0E-19
"0",1.0,1.0E-19
"0",1.0,1.0E-19
"0",1.0,1.0E-19
"0",1.0,1.0E-19
"0",1.0,1.0E-19
"0",1.0,1.0E-19
"0",1.0,1.0E-19
"0",1.0,1.0E-19
"0",1.0,1.0E-19
"0",1.0,1.0E-19
"0",1.0,1.0E-19
"0",1.0,1.0E-19
"0",1.0,1.0E-19
"0",1.0,1.0E-19
"0",1.0,1.0E-19
"0",1.0,1.0E-19
"0",1.0,1.0E-19
"0",1.0,1.0E-19
"0",1.0,1.0E-19
"0",1.0,1.0E-19
"0",1.0,1.0E-19
"0",1.0,1.0E-19
"0",1.0,1.0E-19
"0",1.0,1.0E-19
"0",1.0,1.0E-19
"0",1.0,1.0E-19
"0",1.0,1.0E-19
"0",1.0,1.0E-19
"0",1.0,1.0E-19
"0",1.0,1.0E-19
"0",1.0,1.0E-19
"0",1.0,1.0E-19
"0",1.0,1.0E-19
"0",1.0,1.0E-19
"0",1.0,1.0E-19
"0",1.0,1.0E-19
"0",1.0,1.0E-19
"0",1.0,1.0E-19
"0",1.0,1.0E-19
"0",1.0,1.0E-19
"0",1.0,1.0E-19
"0",1.0,1.0E-19
"0",1.0,1.0E-19
"0",1.0,1.0E-19
"0",1.0,1.0E-19
"0",1.0,1.0E-19
"0",1.0,1.0E-19
"0",1.0,1.0E-19
"0",1.0,1.0E-19
"0",1.0,1.0E-19
"0",1.0,1.0E-19
"0",1.0,1.0E-19
"0",1.0,1.0E-19
"0",1.0,1.0E-19
"0",1.0,1.0E-19
"0",1.0,1.0E-19
"0",1.0,1.0E-19
"0",1.0,1.0E-19
"0",1.0,1.0E-19
"0",1.0,1.5021189621371275E-18
"0",1.0,1.0E-19
"0",1.0,1.0E-19
"0",1.0,1.0E-19
"0",1.0,1.0E-19
"0",1.0,1.0E-19
"0",1.0,1.0E-19
"0",1.0,1.0E-19
"0",1.0,1.0E-19
"0",1.0,1.0E-19
"0",1.0,1.0E-19
"0",1.0,1.0E-19
"0",1.0,1.0E-19
"0",1.0,1.0E-19
"0",1.0,1.0E-19
"0",1.0,1.0E-19
"0",1.0,1.0E-19
"0",1.0,1.0E-19
"0",1.0,1.0E-19
"0",1.0,1.0E-19
"0",1.0,1.0E-19
"0",1.0,1.0E-19
"0",1.0,1.0E-19
"0",1.0,1.0E-19
"0",1.0,1.0E-19
"0",1.0,1.0E-19
"0",1.0,1.0E-19
"0",1.0,1.0E-19
"0",1.0,1.0E-19
"0",1.0,1.0E-19
"0",1.0,1.0E-19
"0",1.0,1.0E-19
"0",1.0,1.0E-19
"0",1.0,1.0E-19
"0",1.0,1.0E-19
"0",1.0,1.0E-19
"0",1.0,1.0E-19
"0",1.0,1.0E-19
"0",1.0,1.0E-19
"0",1.0,1.0E-19
"0",1.0,1.0E-19
"0",1.0,1.0E-19
"0",1.0,1.0E-19
"0",1.0,1.0E-19
"0",1.0,1.0E-19
"0",1.0,1.0E-19
"0",1.0,1.0E-19
"0",1.0,1.0E-19
"0",1.0,1.0E-19
"0",1.0,1.0E-19
"0",1.0,1.0E-19
"0",1.0,1.0E-19
"0",1.0,1.0E-19
"0",1.0,1.0E-19
"0",1.0,1.0E-19
"0",1.0,1.0E-19
"0",1.0,1.0E-19
"0",1.0,1.0E-19
"0",1.0,1.0E-19
"0",1.0,1.0E-19
"0",1.0,1.0E-19
"0",1.0,1.0E-19
"0",1.0,1.0E-19
"0",1.0,1.0E-19
"0",1.0,1.0E-19
"0",1.0,1.0E-19
"0",1.0,1.0E-19
"0",1.0,1.0E-19
"0",1.0,1.0E-19
"0",1.0,1.0E-19
"0",1.0,1.0E-19
"0",1.0,1.0E-19
"0",1.0,1.0E-19
"0",1.0,1.0E-19
"0",1.0,1.0E-19
"0",1.0,1.0E-19
"0",1.0,1.0E-19
"0",1.0,1.0E-19
"0",1.0,1.0E-19
"0",1.0,1.0E-19
"0",1.0,1.0E-19
"0",1.0,1.0E-19
"0",1.0,1.0E-19
"0",1.0,1.0E-19
"0",1.0,1.0E-19
"0",1.0,1.0E-19
"0",1.0,1.0E-19
"0",1.0,1.0E-19
"0",1.0,1.0E-19
"0",1.0,1.0E-19
"0",1.0,1.0E-19
"0",1.0,1.0E-19
"0",1.0,1.0E-19
"0",1.0,1.0E-19
"0",1.0,1.0E-19
"0",1.0,1.0E-19
"0",1.0,1.0E-19
"0",1.0,1.0E-19
"0",1.0,1.0E-19
"0",1.0,1.0E-19
"0",1.0,1.0E-19
"0",1.0,1.0E-19
"0",1.0,1.0E-19
"0",1.0,1.0E-19
"0",1.0,1.0E-19
"0",1.0,1.0E-19
"0",1.0,1.0E-19
"0",1.0,1.0E-19
"0",1.0,1.0E-19
"0",1.0,1.0E-19
"0",1.0,1.0E-19
"0",1.0,1.0E-19
"0",1.0,1.0E-19
"0",1.0,1.0E-19
"0",1.0,1.0E-19
"0",1.0,1.0E-19
"0",1.0,1.0E-19
"0",1.0,1.0E-19
"0",1.0,1.0E-19
"0",1.0,1.0E-19
"0",1.0,1.0E-19
"0",1.0,1.0E-19
"0",1.0,1.0E-19
"0",1.0,1.0E-19
"0",1.0,1.0E-19
"0",1.0,1.0E-19
"0",1.0,1.0E-19
"0",1.0,1.0E-19
"0",1.0,1.0E-19
"0",1.0,1.0E-19
"0",1.0,1.0E-19
"0",1.0,1.0E-19
"0",1.0,1.0E-19
"0",1.0,1.0E-19
"0",1.0,1.0E-19
"0",1.0,1.0E-19
"0",1.0,1.0E-19
"0",1.0,1.0E-19
"0",1.0,1.0E-19
"0",1.0,1.0E-19
"0",1.0,1.0E-19
"0",1.0,1.0E-19
"0",1.0,1.0E-19
"0",1.0,1.0E-19
"0",1.0,1.0E-19
"0",1.0,1.0E-19
"0",1.0,1.0E-19
"0",1.0,1.0E-19
"0",1.0,1.0E-19
"0",1.0,1.0E-19
"0",1.0,1.0E-19
"0",1.0,1.0E-19
"0",1.0,1.0E-19
"0",1.0,1.0E-19
"0",1.0,1.0E-19
"0",1.0,1.0E-19
"0",1.0,1.0E-19
"0",1.0,1.0E-19
"0",1.0,1.0E-19
"0",1.0,1.0E-19
"0",1.0,1.0E-19
"0",1.0,1.0E-19
"0",1.0,1.0E-19
"0",1.0,1.0E-19
"0",1.0,1.0E-19
"0",1.0,1.0E-19
"0",1.0,1.0E-19
"0",1.0,1.0E-19
"0",1.0,1.0E-19
"0",1.0,1.0E-19
"0",1.0,1.0E-19
"0",1.0,1.0E-19
"0",1.0,1.0E-19
"0",1.0,1.0E-19
"0",1.0,6.339043344613363E-19
"0",1.0,1.0E-19
"0",1.0,1.0E-19
"0",1.0,1.0E-19
"0",1.0,1.0E-19
"0",1.0,1.0E-19
"0",1.0,1.0E-19
"0",1.0,1.0E-19
"0",1.0,1.0E-19
"0",1.0,1.0E-19
"0",1.0,1.0E-19
"0",1.0,1.0E-19
"0",1.0,1.0E-19
"0",1.0,1.0E-19
"0",1.0,1.0E-19
"0",1.0,1.0E-19
"0",1.0,1.0E-19
"0",1.0,1.0E-19
"0",1.0,1.0E-19
"0",1.0,1.0E-19
"0",1.0,1.0E-19
"0",1.0,1.0E-19
"0",1.0,1.0E-19
"0",1.0,1.0E-19
"0",1.0,1.0E-19
"0",1.0,1.0E-19
"0",1.0,1.0E-19
"0",1.0,1.0E-19
"0",1.0,1.0E-19
"0",1.0,1.0E-19
"0",1.0,1.0E-19
"0",1.0,1.0E-19
"0",1.0,1.0E-19
"0",1.0,1.0E-19
"0",1.0,1.0E-19
"0",1.0,1.0E-19
"0",1.0,1.0E-19
"0",1.0,1.0E-19
"0",1.0,1.0E-19
"0",1.0,1.0E-19
"0",1.0,1.0E-19
"0",1.0,1.0E-19
"0",1.0,1.0E-19
"0",1.0,1.0E-19
"0",1.0,1.0E-19
"0",1.0,1.0E-19
"0",1.0,1.0E-19
"0",1.0,1.0E-19
"0",1.0,1.0E-19
"0",1.0,1.0E-19
"0",1.0,2.239648032266688E-18
"0",1.0,1.0E-19
"0",1.0,1.0E-19
"0",1.0,1.0E-19
"0",1.0,1.0E-19
"0",1.0,1.0E-19
"0",1.0,1.0E-19
"0",1.0,1.0E-19
"0",1.0,1.0E-19
"0",1.0,1.0E-19
"0",1.0,1.0E-19
"0",1.0,1.0E-19
"0",1.0,1.0E-19
"0",1.0,1.0E-19
"0",1.0,1.0E-19
"0",1.0,1.0E-19
"0",1.0,1.0E-19
"0",1.0,1.0E-19
"0",1.0,1.0E-19
"0",1.0,1.0E-19
"0",1.0,1.0E-19
"0",1.0,1.0E-19
"0",1.0,1.0E-19
"0",1.0,1.0E-19
"0",1.0,1.0E-19
"0",1.0,1.0E-19
"0",1.0,1.0E-19
"0",1.0,1.0E-19
"0",1.0,1.0E-19
"0",1.0,1.0E-19
"0",1.0,1.0E-19
"0",1.0,1.0E-19
"0",1.0,1.0E-19
"0",1.0,1.0E-19
"0",1.0,1.0E-19
"0",1.0,1.0E-19
"0",1.0,1.0E-19
"0",1.0,1.0E-19
"0",1.0,1.0E-19
"0",1.0,1.0E-19
"0",1.0,1.0E-19
"0",1.0,1.0E-19
"0",1.0,1.0E-19
"0",1.0,1.0E-19
"0",1.0,1.0E-19
"0",1.0,1.0E-19
"0",1.0,1.0E-19
"0",1.0,1.0E-19
"0",1.0,1.0E-19
"0",1.0,1.0E-19
"0",1.0,1.0E-19
"0",1.0,1.0E-19
"0",1.0,1.0E-19
"0",1.0,1.0E-19
"0",1.0,1.0E-19
"0",1.0,1.0E-19
"0",1.0,1.0E-19
"0",1.0,1.0E-19
"0",1.0,1.0E-19
"0",1.0,1.0E-19
"0",1.0,1.0E-19
"0",1.0,1.0E-19
"0",1.0,1.0E-19
"0",1.0,1.0E-19
"0",1.0,1.0E-19
"0",1.0,1.0E-19
"0",1.0,1.0E-19
"0",1.0,1.0E-19
"0",1.0,1.0E-19
"0",1.0,1.0E-19
"0",1.0,1.0E-19
"0",1.0,1.0E-19
"0",1.0,1.0E-19
"0",1.0,1.0E-19
"0",1.0,1.0E-19
"0",1.0,1.0E-19
"0",1.0,1.0E-19
"0",1.0,1.0E-19
"0",1.0,1.0E-19
"0",1.0,1.0E-19
"0",1.0,1.0E-19
"0",1.0,1.0E-19
"0",1.0,1.0E-19
"0",1.0,1.0E-19
"0",1.0,1.0E-19
"0",1.0,1.0E-19
"0",1.0,1.0E-19
"0",1.0,1.0E-19
"0",1.0,1.0E-19
"0",1.0,1.0E-19
"0",1.0,1.0E-19
"0",1.0,1.0E-19
"0",1.0,1.0E-19
"0",1.0,1.0E-19
"0",1.0,1.0E-19
"0",1.0,1.0E-19
"0",1.0,1.0E-19
"0",1.0,1.0E-19
"0",1.0,1.0E-19
"0",1.0,1.0E-19
"0",1.0,1.0E-19
"0",1.0,1.0E-19
"0",1.0,1.0E-19
"0",1.0,1.0E-19
"0",1.0,1.0E-19
"0",1.0,1.0E-19
"0",1.0,1.0E-19
"0",1.0,1.0E-19
"0",1.0,1.0E-19
"0",1.0,1.0E-19
"0",1.0,1.0E-19
"0",1.0,1.0E-19
"0",1.0,1.0E-19
"0",1.0,1.0E-19
"0",1.0,1.0E-19
"0",1.0,1.0E-19
"0",1.0,1.0E-19
"0",1.0,1.0E-19
"0",1.0,1.0E-19
"0",1.0,1.0E-19
"0",1.0,1.0E-19
"0",1.0,1.0E-19
"0",1.0,1.0E-19
"0",1.0,1.0E-19
"0",1.0,1.0E-19
"0",1.0,1.0E-19
"0",1.0,1.0E-19
"0",1.0,1.0E-19
"0",1.0,1.0E-19
"0",1.0,1.0E-19
"0",1.0,1.0E-19
"0",1.0,1.0E-19
"0",1.0,1.0E-19
"0",1.0,1.0E-19
"0",1.0,1.0E-19
"0",1.0,1.0E-19
"0",1.0,1.0E-19
"0",1.0,1.0E-19
"0",1.0,1.0E-19
"0",1.0,1.0E-19
"0",1.0,1.0E-19
"0",1.0,1.0E-19
"0",1.0,1.0E-19
"0",1.0,1.0E-19
"0",1.0,1.0E-19
"0",1.0,1.0E-19
"0",1.0,1.0E-19
"0",1.0,1.0E-19
"0",1.0,1.0E-19
"0",1.0,1.0E-19
"0",1.0,1.0E-19
"0",1.0,1.0E-19
"0",1.0,1.0E-19
"0",1.0,1.0E-19
"0",1.0,1.0E-19
"0",1.0,1.0E-19
"0",1.0,1.0E-19
"0",1.0,1.0E-19
"0",1.0,1.0E-19
"0",1.0,1.0E-19
"0",1.0,1.0E-19
"0",1.0,1.0E-19
"0",1.0,1.0E-19
"0",1.0,1.0E-19
"0",1.0,1.0E-19
"0",1.0,1.0E-19
"0",1.0,1.0E-19
"0",1.0,1.0E-19
"0",1.0,1.0E-19
"0",1.0,1.0E-19
"0",1.0,1.0E-19
"0",1.0,1.0E-19
"0",1.0,1.0E-19
"0",1.0,1.0E-19
"0",1.0,1.0E-19
"0",1.0,1.0E-19
"0",1.0,1.0E-19
"0",1.0,1.0E-19
"0",1.0,1.0E-19
"0",1.0,1.0E-19
"0",1.0,1.0E-19
"0",1.0,1.0E-19
"0",1.0,1.0E-19
"0",1.0,1.0E-19
"0",1.0,1.0E-19
"0",1.0,1.0E-19
"0",1.0,1.0E-19
"0",1.0,1.0E-19
"0",1.0,1.0E-19
"0",1.0,1.0E-19
"0",1.0,1.0E-19
"0",1.0,1.0E-19
"0",1.0,1.0E-19
"0",1.0,1.0E-19
"0",1.0,1.0E-19
"0",1.0,1.0E-19
"0",1.0,1.0E-19
"0",1.0,1.0E-19
"0",1.0,1.0E-19
"0",1.0,1.0E-19
"0",1.0,1.0E-19
"0",1.0,1.0E-19
"0",1.0,1.0E-19
"0",1.0,1.0E-19
"0",1.0,1.0E-19
"0",1.0,1.0E-19
"0",1.0,1.0E-19
"0",1.0,1.0E-19
"0",1.0,1.0E-19
"0",1.0,1.0E-19
"0",1.0,1.0E-19
"0",1.0,1.0E-19
"0",1.0,1.0E-19
"0",1.0,1.0E-19
"0",1.0,1.0E-19
"0",1.0,1.0E-19
"0",1.0,1.0E-19
"0",1.0,1.0E-19
"0",1.0,1.0E-19
"0",1.0,1.0E-19
"0",1.0,1.0E-19
"0",1.0,1.0E-19
"0",1.0,1.0E-19
"0",1.0,1.0E-19
"0",1.0,1.0E-19
"0",1.0,1.0E-19
"0",1.0,1.0E-19
"0",1.0,1.0E-19
"0",1.0,1.0E-19
"0",1.0,1.0E-19
"0",1.0,1.0E-19
"0",1.0,1.0E-19
"0",1.0,1.0E-19
"0",1.0,1.0E-19
"0",1.0,1.0E-19
"0",1.0,1.0E-19
"0",1.0,1.0E-19
"0",1.0,1.0E-19
"0",1.0,1.0E-19
"0",1.0,1.0E-19
"0",1.0,1.0E-19
"0",1.0,1.0E-19
"0",1.0,1.0E-19
"0",1.0,1.0E-19
"0",1.0,1.0E-19
"0",1.0,1.0E-19
"0",1.0,1.0E-19
"0",1.0,1.0E-19
"0",1.0,1.0E-19
"0",1.0,1.0E-19
"0",1.0,1.0E-19
"0",1.0,1.0E-19
"0",1.0,1.0E-19
"0",1.0,1.0E-19
"0",1.0,1.0E-19
"0",1.0,1.0E-19
"0",1.0,1.0E-19
"0",1.0,1.0E-19
"0",1.0,1.0E-19
"0",1.0,1.0E-19
"0",1.0,1.0E-19
"0",1.0,1.0E-19
"0",1.0,1.0E-19
"0",1.0,1.0E-19
"0",1.0,1.0E-19
"0",1.0,1.0E-19
"0",1.0,1.0E-19
"0",1.0,1.0E-19
"0",1.0,1.0E-19
"0",1.0,1.0E-19
"0",1.0,1.0E-19
"0",1.0,1.0E-19
"0",1.0,1.0E-19
"0",1.0,1.0E-19
"0",1.0,1.0E-19
"0",1.0,1.0E-19
"0",1.0,1.0E-19
"0",1.0,1.0E-19
"0",1.0,1.0E-19
"0",1.0,1.0E-19
"0",1.0,1.0E-19
"0",1.0,1.0E-19
"0",1.0,1.0E-19
"0",1.0,1.0E-19
"0",1.0,1.0E-19
"0",1.0,1.0E-19
"0",1.0,1.0E-19
"0",1.0,1.0E-19
"0",1.0,1.0E-19
"0",1.0,1.0E-19
"0",1.0,1.0E-19
"0",1.0,1.0E-19
"0",1.0,1.0E-19
"0",1.0,1.0E-19
"0",1.0,1.0E-19
"0",1.0,1.0E-19
"0",1.0,1.0E-19
"0",1.0,1.0E-19
"0",1.0,1.0E-19
"0",1.0,1.0E-19
"0",1.0,1.0E-19
"0",1.0,1.0E-19
"0",1.0,1.0E-19
"0",1.0,1.1075299241190905E-17
"0",1.0,1.0E-19
"0",1.0,1.0E-19
"0",1.0,1.0E-19
"0",1.0,1.0E-19
"0",1.0,1.0E-19
"0",1.0,1.0E-19
"0",1.0,1.0E-19
"0",1.0,1.0E-19
"0",1.0,1.0E-19
"0",1.0,1.0E-19
"0",1.0,1.0E-19
"0",1.0,1.0E-19
"0",1.0,1.0E-19
"0",1.0,1.0E-19
"0",1.0,1.0E-19
"0",1.0,1.0E-19
"0",1.0,1.0E-19
"0",1.0,1.0E-19
"0",1.0,1.0E-19
"0",1.0,1.0E-19
"0",1.0,1.0E-19
"0",1.0,1.0E-19
"0",1.0,1.0E-19
"0",1.0,1.0E-19
"0",1.0,1.0E-19
"0",1.0,1.0E-19
"0",1.0,1.0E-19
"0",1.0,1.0E-19
"0",1.0,1.0E-19
"0",1.0,1.0E-19
"0",1.0,1.0E-19
"0",1.0,1.0E-19
"0",1.0,1.0E-19
"0",1.0,1.0E-19
"0",1.0,1.0E-19
"0",1.0,1.0E-19
"0",1.0,1.0E-19
"0",1.0,1.0E-19
"0",1.0,1.0E-19
"0",1.0,1.0E-19
"0",1.0,1.0E-19
"0",1.0,1.0E-19
"0",1.0,1.0E-19
"0",1.0,1.0E-19
"0",1.0,1.0E-19
"0",1.0,1.0E-19
"0",1.0,1.0E-19
"0",1.0,1.0E-19
"0",1.0,1.0E-19
"0",1.0,1.0E-19
"0",1.0,1.0E-19
"0",1.0,1.0E-19
"0",1.0,1.0E-19
"0",1.0,1.0E-19
"0",1.0,1.0E-19
"0",1.0,1.0E-19
"0",1.0,1.0E-19
"0",1.0,1.0E-19
"0",1.0,1.0E-19
"0",1.0,1.0E-19
"0",1.0,1.0E-19
"0",1.0,1.0E-19
"0",1.0,1.0E-19
"0",1.0,1.0E-19
"0",1.0,1.0E-19
"0",1.0,1.0E-19
"0",1.0,1.0E-19
"0",1.0,1.0E-19
"0",1.0,1.0E-19
"0",1.0,1.0E-19
"0",1.0,1.0E-19
"0",1.0,1.0E-19
"0",1.0,1.0E-19
"0",1.0,1.0E-19
"0",1.0,1.0E-19
"0",1.0,1.0E-19
"0",1.0,1.0E-19
"0",1.0,1.0E-19
"0",1.0,1.0E-19
"0",1.0,1.0E-19
"0",1.0,1.0E-19
"0",1.0,1.0E-19
"0",1.0,1.0E-19
"0",1.0,1.0E-19
"0",1.0,1.0E-19
"0",1.0,1.0E-19
"0",1.0,1.0E-19
"0",1.0,1.0E-19
"0",1.0,1.0E-19
"0",1.0,1.0E-19
"0",1.0,1.0E-19
"0",1.0,1.0E-19
"0",1.0,1.0E-19
"0",1.0,1.0E-19
"0",1.0,1.0E-19
"0",1.0,1.0E-19
"0",1.0,1.0E-19
"0",1.0,1.0E-19
"0",1.0,1.0E-19
"0",1.0,1.0E-19
"0",1.0,1.0E-19
"0",1.0,1.0E-19
"0",1.0,1.0E-19
"0",1.0,1.0E-19
"0",1.0,1.0E-19
"0",1.0,1.0E-19
"0",1.0,1.0E-19
"0",1.0,1.0E-19
"0",1.0,1.0E-19
"0",1.0,1.0E-19
"0",1.0,1.0E-19
"0",1.0,1.0E-19
"0",1.0,1.0E-19
"0",1.0,1.0E-19
"0",1.0,1.0E-19
"0",1.0,1.0E-19
"0",1.0,1.0E-19
"0",1.0,1.0E-19
"0",1.0,1.0E-19
"0",1.0,1.0E-19
"0",1.0,1.0E-19
"0",1.0,1.0E-19
"0",1.0,1.0E-19
"0",1.0,1.0E-19
"0",1.0,1.0E-19
"0",1.0,1.0E-19
"0",1.0,1.0E-19
"0",1.0,1.0E-19
"0",1.0,1.0E-19
"0",1.0,1.0E-19
"0",1.0,1.0E-19
"0",1.0,1.0E-19
"0",1.0,1.0E-19
"0",1.0,1.0E-19
"0",1.0,1.0E-19
"0",1.0,1.0E-19
"0",1.0,1.0E-19
"0",1.0,1.0E-19
"0",1.0,1.0E-19
"0",1.0,1.0E-19
"0",1.0,1.0E-19
"0",1.0,1.0E-19
"0",1.0,1.0E-19
"0",1.0,1.0E-19
"0",1.0,1.0E-19
"0",1.0,1.0E-19
"0",1.0,1.0E-19
"0",1.0,1.0E-19
"0",1.0,1.0E-19
"0",1.0,1.0E-19
"0",1.0,1.0E-19
"0",1.0,1.0E-19
"0",1.0,1.0E-19
"0",1.0,1.0E-19
"0",1.0,1.0E-19
"0",1.0,1.0E-19
"0",1.0,1.0E-19
"0",1.0,1.0E-19
"0",1.0,1.0E-19
"0",1.0,1.0E-19
"0",1.0,1.0E-19
"0",1.0,1.0E-19
"0",1.0,1.0E-19
"0",1.0,1.0E-19
"0",1.0,1.0E-19
"0",1.0,1.0E-19
"0",1.0,1.0E-19
"0",1.0,1.0E-19
"0",1.0,1.0E-19
"0",1.0,1.0E-19
"0",1.0,1.0E-19
"0",1.0,1.0E-19
"0",1.0,1.0E-19
"0",1.0,1.0E-19
"0",1.0,1.0E-19
"0",1.0,1.0E-19
"0",1.0,1.0E-19
"0",1.0,1.0E-19
"0",1.0,1.72117107961104E-18
"0",1.0,1.0E-19
"0",1.0,1.0E-19
"0",1.0,1.0E-19
"0",1.0,1.0E-19
"0",1.0,1.0E-19
"0",1.0,1.0E-19
"0",1.0,1.0E-19
"0",1.0,1.0E-19
"0",1.0,1.0E-19
"0",1.0,1.0E-19
"0",1.0,1.0E-19
"0",1.0,1.0E-19
"0",1.0,1.0E-19
"0",1.0,1.0E-19
"0",1.0,1.0E-19
"0",1.0,1.0E-19
"0",1.0,1.0E-19
"0",1.0,1.0E-19
"0",1.0,1.0E-19
"0",1.0,1.0E-19
"0",1.0,1.0E-19
"0",1.0,1.0E-19
"0",1.0,1.0E-19
"0",1.0,1.0E-19
"0",1.0,1.0E-19
"0",1.0,1.0E-19
"0",1.0,1.0E-19
"0",1.0,1.0E-19
"0",1.0,1.0E-19
"0",1.0,1.0E-19
"0",1.0,1.0E-19
"0",1.0,1.0E-19
"0",1.0,1.0E-19
"0",1.0,1.0E-19
"0",1.0,1.0E-19
"0",1.0,1.0E-19
"0",1.0,1.0E-19
"0",1.0,1.0E-19
"0",1.0,1.0E-19
"0",1.0,1.0E-19
"0",1.0,1.0E-19
"0",1.0,1.0E-19
"0",1.0,1.0E-19
"0",1.0,1.0E-19
"0",1.0,1.0E-19
"0",1.0,1.0E-19
"0",1.0,1.0E-19
"0",1.0,1.0E-19
"0",1.0,1.0E-19
"0",1.0,1.0E-19
"0",1.0,1.0E-19
"0",1.0,1.0E-19
"0",1.0,1.0E-19
"0",1.0,1.0E-19
"0",1.0,1.0E-19
"0",1.0,1.0E-19
"0",1.0,1.0E-19
"0",1.0,1.0E-19
"0",1.0,1.0E-19
"0",1.0,1.0E-19
"0",1.0,1.0E-19
"0",1.0,1.0E-19
"0",1.0,1.0E-19
"0",1.0,1.0E-19
"0",1.0,1.0E-19
"0",1.0,1.0E-19
"0",1.0,1.0E-19
"0",1.0,1.0E-19
"0",1.0,1.0E-19
"0",1.0,1.0E-19
"0",1.0,1.0E-19
"0",1.0,1.0E-19
"0",1.0,1.0E-19
"0",1.0,1.0E-19
"0",1.0,1.0E-19
"0",1.0,1.0E-19
"0",1.0,1.0E-19
"0",1.0,1.0E-19
"0",1.0,1.0E-19
"0",1.0,1.0E-19
"0",1.0,1.0E-19
"0",1.0,1.0E-19
"0",1.0,1.0E-19
"0",1.0,1.0E-19
"0",1.0,1.0E-19
"0",1.0,1.0E-19
"0",1.0,1.0E-19
"0",1.0,1.0E-19
"0",1.0,1.0E-19
"0",1.0,1.0E-19
"0",1.0,1.0E-19
"0",1.0,1.0E-19
"0",1.0,1.0E-19
"0",1.0,1.0E-19
"0",1.0,1.0E-19
"0",1.0,1.0E-19
"0",1.0,1.0E-19
"0",1.0,1.0E-19
"0",1.0,1.0E-19
"0",1.0,1.0E-19
"0",1.0,1.0E-19
"0",1.0,1.0E-19
"0",1.0,1.0E-19
"0",1.0,1.0E-19
"0",1.0,1.0E-19
"0",1.0,1.0E-19
"0",1.0,1.0E-19
"0",1.0,1.0E-19
"0",1.0,1.0E-19
"0",1.0,1.0E-19
"0",1.0,1.0E-19
"0",1.0,1.0E-19
"0",1.0,1.0E-19
"0",1.0,1.0E-19
"0",1.0,1.0E-19
"0",1.0,1.0E-19
"0",1.0,1.0E-19
"0",1.0,1.0E-19
"0",1.0,1.0E-19
"0",1.0,1.0E-19
"0",1.0,1.0E-19
"0",1.0,1.0E-19
"0",1.0,1.0E-19
"0",1.0,1.0E-19
"0",1.0,1.0E-19
"0",1.0,1.0E-19
"0",1.0,1.0E-19
"0",1.0,1.0E-19
"0",1.0,1.0E-19
"0",1.0,1.0E-19
"0",1.0,1.0E-19
"0",1.0,1.0E-19
"0",1.0,1.0E-19
"0",1.0,1.0E-19
"0",1.0,1.0E-19
"0",1.0,1.0E-19
"0",1.0,1.0E-19
"0",1.0,1.0E-19
"0",1.0,1.0E-19
"0",1.0,1.0E-19
"0",1.0,1.0E-19
"0",1.0,1.0E-19
"0",1.0,1.0E-19
"0",1.0,1.0E-19
"0",1.0,1.0E-19
"0",1.0,1.0E-19
"0",1.0,1.0E-19
"0",1.0,1.0E-19
"0",1.0,1.0E-19
"0",1.0,1.0E-19
"0",1.0,1.0E-19
"0",1.0,1.0E-19
"0",1.0,1.0E-19
"0",1.0,1.0E-19
"0",1.0,1.0E-19
"0",1.0,1.0E-19
"0",1.0,1.0E-19
"0",1.0,1.0E-19
"0",1.0,1.0E-19
"0",1.0,1.0E-19
"0",1.0,1.0E-19
"0",1.0,1.0E-19
"0",1.0,1.0E-19
"0",1.0,1.0E-19
"0",1.0,1.0E-19
"0",1.0,1.0E-19
"0",1.0,1.0E-19
"0",1.0,1.0E-19
"0",1.0,1.0E-19
"0",1.0,1.0E-19
"0",1.0,1.0E-19
"0",1.0,1.0E-19
"0",1.0,1.0E-19
"0",1.0,1.0E-19
"0",1.0,1.0E-19
"0",1.0,1.0E-19
"0",1.0,1.0E-19
"0",1.0,1.0E-19
"0",1.0,1.0E-19
"0",1.0,1.0E-19
"0",1.0,1.0E-19
"0",1.0,1.0E-19
"0",1.0,1.0E-19
"0",1.0,1.0E-19
"0",1.0,1.0E-19
"0",1.0,1.0E-19
"0",1.0,1.0E-19
"0",1.0,1.0E-19
"0",1.0,1.0E-19
"0",1.0,1.0E-19
"0",1.0,1.0E-19
"0",1.0,1.0E-19
"0",1.0,1.0E-19
"0",1.0,1.0E-19
"0",1.0,1.0E-19
"0",1.0,1.0E-19
"0",1.0,1.0E-19
"0",1.0,1.0E-19
"0",1.0,1.0E-19
"0",1.0,1.0E-19
"0",1.0,1.0E-19
"0",1.0,1.0E-19
"0",1.0,1.0E-19
"0",1.0,1.0E-19
"0",1.0,1.0E-19
"0",1.0,1.0E-19
"0",1.0,1.0E-19
"0",1.0,1.0E-19
"0",1.0,1.0E-19
"0",1.0,1.0E-19
"0",1.0,1.0E-19
"0",1.0,1.0E-19
"0",1.0,1.0E-19
"0",1.0,1.0E-19
"0",1.0,1.0E-19
"0",1.0,1.0E-19
"0",1.0,1.0E-19
"0",1.0,1.0E-19
"0",1.0,1.0E-19
"0",1.0,1.0E-19
"0",1.0,1.0E-19
"0",1.0,1.0E-19
"0",1.0,1.0E-19
"0",1.0,1.0E-19
"0",1.0,1.0E-19
"0",1.0,1.0E-19
"0",1.0,1.0E-19
"0",1.0,1.0E-19
"0",1.0,1.0E-19
"0",1.0,1.0E-19
"0",1.0,1.0E-19
"0",1.0,1.0E-19
"0",1.0,1.0E-19
"0",1.0,1.0E-19
"0",1.0,1.0E-19
"0",1.0,1.0E-19
"0",1.0,1.0E-19
"0",1.0,1.0E-19
"0",1.0,1.0E-19
"0",1.0,1.0E-19
"0",1.0,1.0E-19
"0",1.0,1.0E-19
"0",1.0,1.0E-19
"0",1.0,1.0E-19
"0",1.0,1.0E-19
"0",1.0,1.0E-19
"0",1.0,1.0E-19
"0",1.0,1.0E-19
"0",1.0,1.0E-19
"0",1.0,1.0E-19
"0",1.0,1.0E-19
"0",1.0,1.0E-19
"0",1.0,1.0E-19
"0",1.0,1.0E-19
"0",1.0,1.0E-19
"0",1.0,1.0E-19
"0",1.0,1.0E-19
"0",1.0,1.0E-19
"0",1.0,1.0E-19
"0",1.0,1.0E-19
"0",1.0,1.0E-19
"0",1.0,1.0E-19
"0",1.0,1.0E-19
"0",1.0,1.0E-19
"0",1.0,1.0E-19
"0",1.0,1.0E-19
"0",1.0,1.0E-19
"0",1.0,1.0E-19
"0",1.0,1.0E-19
"0",1.0,1.0E-19
"0",1.0,1.0E-19
"0",1.0,1.0E-19
"0",1.0,1.0E-19
"0",1.0,1.0E-19
"0",1.0,1.0E-19
"0",1.0,1.0E-19
"0",1.0,1.0E-19
"0",1.0,1.0E-19
"0",1.0,1.0E-19
"0",1.0,1.0E-19
"0",1.0,1.0E-19
"0",1.0,1.0E-19
"0",1.0,1.0E-19
"0",1.0,1.0E-19
"0",1.0,1.0E-19
"0",1.0,1.0E-19
"0",1.0,1.0E-19
"0",1.0,1.0E-19
"0",0.999999999999995,4.988536528420101E-15
"0",1.0,1.0E-19
"0",1.0,1.0E-19
"0",1.0,1.0E-19
"0",1.0,1.0E-19
"0",1.0,1.0E-19
"0",1.0,1.0E-19
"0",1.0,1.0E-19
"0",1.0,1.0E-19
"0",1.0,1.0E-19
"0",1.0,1.0E-19
"0",1.0,1.0E-19
"0",1.0,1.0E-19
"0",1.0,1.0E-19
"0",1.0,1.0E-19
"0",1.0,1.0E-19
"0",1.0,1.0E-19
"0",1.0,1.0E-19
"0",1.0,1.0E-19
"0",1.0,1.0E-19
"0",1.0,1.0E-19
"0",1.0,1.0E-19
"0",1.0,1.0E-19
"0",1.0,1.0E-19
"0",1.0,1.0E-19
"0",1.0,1.0E-19
"0",1.0,1.0E-19
"0",1.0,1.0E-19
"0",1.0,1.0E-19
"0",1.0,1.0E-19
"0",1.0,1.0E-19
"0",1.0,1.0E-19
"0",1.0,1.0E-19
"0",1.0,1.0E-19
"0",1.0,1.0E-19
"0",1.0,1.0E-19
"0",1.0,1.0E-19
"0",1.0,1.0E-19
"0",1.0,1.0E-19
"0",1.0,1.0E-19
"0",1.0,1.0E-19
"0",1.0,1.0E-19
"0",1.0,1.0E-19
"0",1.0,1.0E-19
"0",1.0,1.0E-19
"0",1.0,1.0E-19
"0",1.0,1.0E-19
"0",1.0,1.0E-19
"0",1.0,1.0E-19
"0",1.0,1.0E-19
"0",1.0,1.0E-19
"0",1.0,1.0E-19
"0",1.0,1.0E-19
"0",1.0,1.0E-19
"0",1.0,1.0E-19
"0",1.0,1.0E-19
"0",1.0,1.0E-19
"0",1.0,1.0E-19
"0",1.0,1.0E-19
"0",1.0,1.0E-19
"0",1.0,1.0E-19
"0",1.0,1.0E-19
"0",1.0,1.0E-19
"0",1.0,1.0E-19
"0",1.0,1.0E-19
"0",1.0,1.0E-19
"0",1.0,1.0E-19
"0",1.0,1.0E-19
"0",1.0,1.0E-19
"0",1.0,1.0E-19
"0",1.0,1.0E-19
"0",1.0,1.0E-19
"0",1.0,1.0E-19
"0",1.0,1.0E-19
"0",1.0,1.0E-19
"0",1.0,1.0E-19
"0",1.0,1.0E-19
"0",1.0,1.0E-19
"0",1.0,1.0E-19
"0",1.0,1.0E-19
"0",1.0,1.0E-19
"0",1.0,1.0E-19
"0",1.0,1.0E-19
"0",1.0,1.0E-19
"0",1.0,1.0E-19
"0",1.0,1.0E-19
"0",1.0,1.0E-19
"0",1.0,1.0E-19
"0",1.0,1.0E-19
"0",1.0,1.0E-19
"0",1.0,1.0E-19
"0",1.0,1.0E-19
"0",1.0,1.0E-19
"0",1.0,1.0E-19
"0",1.0,1.0E-19
"0",1.0,1.0E-19
"0",1.0,1.0E-19
"0",1.0,1.0E-19
"0",1.0,1.0E-19
"0",1.0,1.0E-19
"0",1.0,1.0E-19
"0",1.0,1.0E-19
"0",1.0,1.0E-19
"0",1.0,1.0E-19
"0",1.0,1.0E-19
"0",1.0,1.0E-19
"0",1.0,1.0E-19
"0",1.0,1.0E-19
"0",1.0,1.0E-19
"0",1.0,1.0E-19
"0",1.0,1.0E-19
"0",1.0,1.0E-19
"0",1.0,1.0E-19
"0",1.0,1.0E-19
"0",1.0,1.0E-19
"0",1.0,1.0E-19
"0",1.0,1.0E-19
"0",1.0,1.0E-19
"0",1.0,1.0E-19
"0",1.0,1.0E-19
"0",1.0,1.0E-19
"0",1.0,1.0E-19
"0",1.0,1.0E-19
"0",1.0,1.0E-19
"0",1.0,1.0E-19
"0",1.0,1.0E-19
"0",1.0,1.0E-19
"0",1.0,1.0E-19
"0",1.0,1.0E-19
"0",1.0,1.0E-19
"0",1.0,1.0E-19
"0",1.0,1.0E-19
"0",1.0,1.0E-19
"0",1.0,1.0E-19
"0",1.0,1.0E-19
"0",1.0,1.0E-19
"0",1.0,1.0E-19
"0",1.0,1.0E-19
"0",1.0,1.0E-19
"0",1.0,1.0E-19
"0",1.0,1.0E-19
"0",1.0,1.0E-19
"0",1.0,1.0E-19
"0",1.0,1.0E-19
"0",1.0,1.0E-19
"0",1.0,1.0E-19
"0",1.0,1.0E-19
"0",1.0,1.0E-19
"0",1.0,1.0E-19
"0",1.0,1.0E-19
"0",1.0,1.0E-19
"0",1.0,1.0E-19
"0",1.0,1.0E-19
"0",1.0,1.0E-19
"0",1.0,1.0E-19
"0",1.0,1.0E-19
"0",1.0,1.0E-19
"0",1.0,1.0E-19
"0",1.0,1.0E-19
"0",1.0,1.0E-19
"0",1.0,1.0E-19
"0",1.0,1.0E-19
"0",1.0,1.0E-19
"0",1.0,1.0E-19
"0",1.0,1.0E-19
"0",1.0,1.0E-19
"0",1.0,1.0E-19
"0",1.0,1.0E-19
"0",1.0,1.0E-19
"0",1.0,1.0E-19
"0",1.0,1.0E-19
"0",1.0,1.0E-19
"0",1.0,1.0E-19
"0",1.0,1.0E-19
"0",1.0,1.0E-19
"0",1.0,1.0E-19
"0",1.0,1.0E-19
"0",1.0,1.0E-19
"0",1.0,1.0E-19
"0",1.0,1.0E-19
"0",1.0,1.0E-19
"0",1.0,1.0E-19
"0",1.0,1.0E-19
"0",1.0,1.0E-19
"0",1.0,1.0E-19
"0",1.0,1.0E-19
"0",1.0,1.0E-19
"0",1.0,1.0E-19
"0",1.0,1.0E-19
"0",1.0,1.0E-19
"0",1.0,1.0E-19
"0",1.0,1.0E-19
"0",1.0,1.0E-19
"0",1.0,1.0E-19
"0",1.0,1.0E-19
"0",1.0,1.0E-19
"0",1.0,1.0E-19
"0",1.0,1.0E-19
"0",1.0,1.0E-19
"0",1.0,1.0E-19
"0",1.0,1.0E-19
"0",1.0,1.0E-19
"0",1.0,1.0E-19
"0",1.0,1.0E-19
"0",1.0,1.0E-19
"0",1.0,1.0E-19
"0",1.0,1.0E-19
"0",1.0,1.0E-19
"0",1.0,1.0E-19
"0",1.0,1.0E-19
"0",1.0,1.0E-19
"0",1.0,1.0E-19
"0",1.0,1.0E-19
"0",1.0,1.0E-19
"0",1.0,1.0E-19
"0",1.0,1.0E-19
"0",1.0,1.0E-19
"0",1.0,1.0E-19
"0",1.0,1.0E-19
"0",1.0,1.0E-19
"0",1.0,1.0E-19
"0",1.0,1.0E-19
"0",1.0,1.0E-19
"0",1.0,1.0E-19
"0",1.0,1.0E-19
"0",1.0,1.0E-19
"0",1.0,1.0E-19
"0",1.0,1.0E-19
"0",1.0,1.0E-19
"0",1.0,1.0E-19
"0",1.0,1.0E-19
"0",1.0,1.0E-19
"0",1.0,1.0E-19
"0",1.0,1.0E-19
"0",1.0,1.0E-19
"0",1.0,1.0E-19
"0",1.0,1.0E-19
"0",1.0,1.0E-19
"0",1.0,1.0E-19
"0",1.0,1.0E-19
"0",1.0,1.0E-19
"0",1.0,1.0E-19
"0",1.0,1.0E-19
"0",1.0,1.0E-19
"0",1.0,1.0E-19
"0",1.0,1.0E-19
"0",1.0,1.0E-19
"0",1.0,1.0E-19
"0",1.0,1.0E-19
"0",1.0,1.0E-19
"0",1.0,1.0E-19
"0",1.0,1.0E-19
"0",1.0,1.0E-19
"0",1.0,1.0E-19
"0",1.0,1.0E-19
"0",1.0,1.0E-19
"0",1.0,1.0E-19
"0",1.0,1.0E-19
"0",1.0,1.0E-19
"0",1.0,1.0E-19
"0",1.0,1.0E-19
"0",1.0,1.0E-19
"0",1.0,1.0E-19
"0",1.0,1.0E-19
"0",1.0,1.0E-19
"0",1.0,1.0E-19
"0",1.0,1.0E-19
"0",1.0,1.0E-19
"0",1.0,1.0E-19
"0",1.0,1.0E-19
"0",1.0,1.0E-19
"0",1.0,1.0E-19
"0",1.0,1.0E-19
"0",1.0,1.0E-19
"0",1.0,1.0E-19
"0",1.0,1.0E-19
"0",1.0,1.0E-19
"0",1.0,1.0E-19
"0",1.0,1.0E-19
"0",1.0,1.0E-19
"0",1.0,1.0E-19
"0",1.0,1.0E-19
"0",1.0,1.0E-19
"0",1.0,1.0E-19
"0",1.0,1.0E-19
"0",1.0,1.0E-19
"0",1.0,1.0E-19
"0",1.0,1.0E-19
"0",1.0,1.0E-19
"0",1.0,1.0E-19
"0",1.0,1.0E-19
"0",1.0,1.0E-19
"0",1.0,1.0E-19
"0",1.0,1.0E-19
"0",1.0,1.0E-19
"0",1.0,1.0E-19
"0",1.0,1.0E-19
"0",1.0,1.0E-19
"0",1.0,1.0E-19
"0",1.0,1.0E-19
"0",1.0,1.0E-19
"0",1.0,1.0E-19
"0",1.0,1.0E-19
"0",1.0,1.0E-19
"0",1.0,1.0E-19
"0",1.0,1.0E-19
"0",1.0,1.0E-19
"0",1.0,1.0E-19
"0",1.0,1.0E-19
"0",1.0,1.0E-19
"0",1.0,1.0E-19
"0",1.0,1.0E-19
"0",1.0,1.0E-19
"0",1.0,1.0E-19
"0",1.0,1.0E-19
"0",1.0,1.0E-19
"0",1.0,1.0E-19
"0",1.0,1.0E-19
"0",1.0,1.0E-19
"0",1.0,1.0E-19
"0",1.0,1.0E-19
"0",1.0,1.0E-19
"0",1.0,1.0E-19
"0",1.0,1.0E-19
"0",1.0,1.0E-19
"0",1.0,1.0E-19
"0",1.0,1.0E-19
"0",1.0,1.0E-19
"0",1.0,1.0E-19
"0",1.0,1.0E-19
"0",1.0,1.0E-19
"0",1.0,1.0E-19
"0",1.0,3.799964885283188E-19
"0",1.0,1.0E-19
"0",1.0,1.0E-19
"0",1.0,1.0E-19
"0",1.0,1.0E-19
"0",1.0,1.0E-19
"0",1.0,1.0E-19
"0",1.0,1.0E-19
"0",1.0,1.0E-19
"0",1.0,1.0E-19
"0",1.0,1.0E-19
"0",1.0,1.0E-19
"0",1.0,1.0E-19
"0",1.0,1.0E-19
"0",1.0,1.0E-19
"0",1.0,1.0E-19
"0",1.0,1.0E-19
"0",1.0,1.0E-19
"0",1.0,1.0E-19
"0",1.0,1.0E-19
"0",1.0,1.0E-19
"0",1.0,1.0E-19
"0",1.0,1.0E-19
"0",1.0,1.0E-19
"0",1.0,1.0E-19
"0",1.0,1.0E-19
"0",1.0,1.0E-19
"0",1.0,1.0E-19
"0",1.0,1.0E-19
"0",1.0,1.0E-19
"0",1.0,1.0E-19
"0",1.0,1.0E-19
"0",1.0,1.0E-19
"0",1.0,1.0E-19
"0",1.0,1.0E-19
"0",1.0,1.0E-19
"0",1.0,1.0E-19
"0",1.0,1.0E-19
"0",1.0,1.0E-19
"0",1.0,1.0E-19
"0",1.0,1.0E-19
"0",1.0,1.0E-19
"0",1.0,1.0E-19
"0",1.0,1.0E-19
"0",1.0,1.0E-19
"0",1.0,1.0E-19
"0",1.0,1.0E-19
"0",1.0,1.0E-19
"0",1.0,1.0E-19
"0",1.0,1.0E-19
"0",1.0,1.0E-19
"0",1.0,1.0E-19
"0",1.0,1.0E-19
"0",1.0,1.0E-19
"0",1.0,1.0E-19
"0",1.0,1.0E-19
"0",1.0,1.0E-19
"0",1.0,1.0E-19
"0",1.0,1.0E-19
"0",1.0,1.0E-19
"0",1.0,1.0E-19
"0",1.0,1.0E-19
"0",1.0,1.0E-19
"0",1.0,1.0E-19
"0",1.0,1.0E-19
"0",1.0,1.0E-19
"0",1.0,1.0E-19
"0",1.0,1.0E-19
"0",1.0,1.0E-19
"0",1.0,1.0E-19
"0",1.0,1.0E-19
"0",1.0,1.0E-19
"0",1.0,1.0E-19
"0",1.0,1.0E-19
"0",1.0,1.0E-19
"0",1.0,1.0E-19
"0",1.0,1.0E-19
"0",1.0,1.0E-19
"0",1.0,1.0E-19
"0",1.0,1.0E-19
"0",1.0,1.0E-19
"0",1.0,1.0E-19
"0",1.0,1.0E-19
"0",1.0,1.0E-19
"0",1.0,1.0E-19
"0",1.0,1.0E-19
"0",1.0,1.0E-19
"0",1.0,1.0E-19
"0",1.0,1.0E-19
"0",1.0,1.0E-19
"0",1.0,1.0E-19
"0",1.0,1.0E-19
"0",1.0,1.0E-19
"0",1.0,1.0E-19
"0",1.0,1.0E-19
"0",1.0,1.0E-19
"0",1.0,1.0E-19
"0",1.0,1.0E-19
"0",1.0,1.0E-19
"0",1.0,1.0E-19
"0",1.0,1.0E-19
"0",1.0,1.0E-19
"0",1.0,1.0E-19
"0",1.0,1.0E-19
"0",1.0,1.0E-19
"0",1.0,1.0E-19
"0",1.0,1.0E-19
"0",1.0,1.0E-19
"0",1.0,1.0E-19
"0",1.0,1.0E-19
"0",1.0,1.0E-19
"0",1.0,1.0E-19
"0",1.0,1.0E-19
"0",1.0,1.0E-19
"0",1.0,1.0E-19
"0",1.0,1.0E-19
"0",1.0,1.0E-19
"0",1.0,1.0E-19
"0",1.0,1.0E-19
"0",1.0,1.0E-19
"0",1.0,1.0E-19
"0",1.0,1.0E-19
"0",1.0,1.0E-19
"0",1.0,1.0E-19
"0",1.0,1.0E-19
"0",1.0,1.0E-19
"0",1.0,1.0E-19
"0",1.0,1.0E-19
"0",1.0,1.0E-19
"0",1.0,1.0E-19
"0",1.0,1.0E-19
"0",1.0,1.0E-19
"0",1.0,1.0E-19
"0",1.0,1.0E-19
"0",1.0,1.0E-19
"0",1.0,1.0E-19
"0",1.0,1.0E-19
"0",1.0,1.0E-19
"0",1.0,1.0E-19
"0",1.0,1.0E-19
"0",1.0,1.0E-19
"0",1.0,1.0E-19
"0",1.0,1.0E-19
"0",1.0,1.0E-19
"0",1.0,1.0E-19
"0",1.0,1.0E-19
"0",1.0,1.0E-19
"0",1.0,1.0E-19
"0",1.0,1.0E-19
"0",1.0,1.0E-19
"0",1.0,1.0E-19
"0",1.0,1.0E-19
"0",1.0,1.0E-19
"0",1.0,1.0E-19
"0",1.0,1.0E-19
"0",1.0,1.0E-19
"0",1.0,1.0E-19
"0",1.0,1.0E-19
"0",1.0,1.0E-19
"0",1.0,1.0E-19
"0",1.0,1.0E-19
"0",1.0,1.0E-19
"0",1.0,1.0E-19
"0",1.0,1.0E-19
"0",1.0,1.0E-19
"0",1.0,1.0E-19
"0",1.0,1.0E-19
"0",1.0,1.0E-19
"0",1.0,1.0E-19
"0",1.0,1.0E-19
"0",1.0,1.0E-19
"0",1.0,1.0E-19
"0",1.0,1.0E-19
"0",1.0,1.0E-19
"0",1.0,1.0E-19
"0",1.0,1.0E-19
"0",1.0,1.0E-19
"0",1.0,1.0E-19
"0",1.0,1.0E-19
"0",1.0,1.0E-19
"0",1.0,1.0E-19
"0",1.0,1.0E-19
"0",1.0,1.0E-19
"0",1.0,1.0E-19
"0",1.0,2.7672764077339722E-17
"0",1.0,1.0E-19
"0",1.0,1.0E-19
"0",1.0,1.0E-19
"0",1.0,1.0E-19
"0",1.0,1.0E-19
"0",1.0,1.0E-19
"0",1.0,1.0E-19
"0",1.0,1.0E-19
"0",1.0,1.0E-19
"0",1.0,1.0E-19
"0",1.0,1.0E-19
"0",1.0,1.0E-19
"0",1.0,1.0E-19
"0",1.0,1.0E-19
"0",1.0,1.0E-19
"0",1.0,1.0E-19
"0",1.0,1.0E-19
"0",1.0,1.0E-19
"0",1.0,1.0E-19
"0",1.0,1.0E-19
"0",1.0,1.0E-19
"0",1.0,1.0E-19
"0",1.0,1.0E-19
"0",1.0,1.0E-19
"0",1.0,1.0E-19
"0",1.0,1.0E-19
"0",1.0,1.0E-19
"0",1.0,1.0E-19
"0",1.0,1.0E-19
"0",1.0,1.0E-19
"0",1.0,1.0E-19
"0",1.0,1.0E-19
"0",1.0,1.0E-19
"0",1.0,1.0E-19
"0",1.0,1.0E-19
"0",1.0,1.0E-19
"0",1.0,1.0E-19
"0",1.0,1.0E-19
"0",1.0,1.0E-19
"0",1.0,1.0E-19
"0",1.0,1.0E-19
"0",1.0,1.0E-19
"0",1.0,1.0E-19
"0",1.0,1.0E-19
"0",1.0,1.0E-19
"0",1.0,1.0E-19
"0",1.0,1.0E-19
"0",1.0,1.0E-19
"0",1.0,1.0E-19
"0",1.0,1.0E-19
"0",1.0,1.0E-19
"0",1.0,1.0E-19
"0",1.0,1.0E-19
"0",1.0,1.0E-19
"0",1.0,1.0E-19
"0",1.0,1.0E-19
"0",1.0,1.0E-19
"0",1.0,1.0E-19
"0",1.0,1.0E-19
"0",1.0,1.0E-19
"0",1.0,1.0E-19
"0",1.0,1.0E-19
"0",1.0,1.0E-19
"0",1.0,1.0E-19
"0",1.0,1.0E-19
"0",1.0,1.0E-19
"0",1.0,1.0E-19
"0",1.0,1.0E-19
"0",1.0,1.0E-19
"0",1.0,1.0E-19
"0",1.0,1.0E-19
"0",1.0,1.0E-19
"0",1.0,1.0E-19
"0",1.0,1.0E-19
"0",1.0,1.0E-19
"0",1.0,1.0E-19
"0",1.0,1.0E-19
"0",1.0,1.0E-19
"0",1.0,1.0E-19
"0",1.0,1.0E-19
"0",1.0,1.0E-19
"0",1.0,1.0E-19
"0",1.0,9.311616497472422E-19
"0",1.0,1.0E-19
"0",1.0,1.0E-19
"0",1.0,1.0E-19
"0",1.0,1.0E-19
"0",1.0,1.0E-19
"0",1.0,1.0E-19
"0",1.0,1.0E-19
"0",1.0,1.0E-19
"0",1.0,1.0E-19
"0",1.0,1.0E-19
"0",1.0,1.0E-19
"0",1.0,1.0E-19
"0",1.0,1.0E-19
"0",1.0,1.0E-19
"0",1.0,1.0E-19
"0",1.0,1.0E-19
"0",1.0,1.0E-19
"0",1.0,1.0E-19
"0",1.0,1.0E-19
"0",1.0,1.0E-19
"0",1.0,1.0E-19
"0",1.0,1.0E-19
"0",1.0,1.0E-19
"0",1.0,1.0E-19
"0",1.0,1.0E-19
"0",1.0,1.0E-19
"0",1.0,1.0E-19
"0",1.0,1.0E-19
"0",1.0,1.0E-19
"0",1.0,1.0E-19
"0",1.0,1.0E-19
"0",1.0,1.0E-19
"0",1.0,1.0E-19
"0",1.0,1.0E-19
"0",1.0,1.0E-19
"0",1.0,1.0E-19
"0",1.0,1.0E-19
"0",1.0,1.0E-19
"0",1.0,1.0E-19
"0",1.0,1.0E-19
"0",1.0,1.0E-19
"0",1.0,1.0E-19
"0",1.0,1.0E-19
"0",1.0,1.0E-19
"0",1.0,1.0E-19
"0",1.0,1.0E-19
"0",1.0,1.0E-19
"0",1.0,1.0E-19
"0",1.0,1.0E-19
"0",1.0,1.0E-19
"0",1.0,1.0E-19
"0",1.0,1.0E-19
"0",1.0,1.0E-19
"0",1.0,1.0E-19
"0",1.0,1.0E-19
"0",1.0,1.0E-19
"0",1.0,1.0E-19
"0",1.0,1.0E-19
"0",1.0,1.0E-19
"0",1.0,1.0E-19
"0",1.0,1.0E-19
"0",1.0,1.0E-19
"0",1.0,1.0E-19
"0",1.0,1.0E-19
"0",1.0,1.0E-19
"0",1.0,1.0E-19
"0",1.0,1.0E-19
"0",1.0,1.0E-19
"0",1.0,1.0E-19
"0",1.0,1.0E-19
"0",1.0,1.0E-19
"0",1.0,1.0E-19
"0",1.0,1.0E-19
"0",1.0,1.0E-19
"0",1.0,1.0E-19
"0",1.0,1.0E-19
"0",1.0,1.0E-19
"0",1.0,1.0E-19
"0",1.0,1.0E-19
"0",1.0,1.0E-19
"0",1.0,1.0E-19
"0",1.0,1.0E-19
"0",1.0,1.0E-19
"0",1.0,1.0E-19
"0",1.0,1.0E-19
"0",1.0,1.0E-19
"0",1.0,1.0E-19
"0",1.0,1.0E-19
"0",1.0,1.0E-19
"0",1.0,1.0E-19
"0",1.0,1.0E-19
"0",1.0,1.0E-19
"0",1.0,1.0E-19
"0",1.0,1.0E-19
"0",1.0,1.0E-19
"0",1.0,1.0E-19
"0",1.0,1.0E-19
"0",1.0,1.0E-19
"0",1.0,1.0E-19
"0",1.0,1.0E-19
"0",1.0,1.0E-19
"0",1.0,1.0E-19
"0",1.0,1.0E-19
"0",1.0,1.0E-19
"0",1.0,1.0E-19
"0",1.0,1.0E-19
"0",1.0,1.0E-19
"0",1.0,1.0E-19
"0",1.0,1.0E-19
"0",1.0,1.0E-19
"0",1.0,1.0E-19
"0",1.0,1.0E-19
"0",1.0,2.3147464308277667E-19
"0",1.0,1.0E-19
"0",1.0,1.0E-19
"0",1.0,1.0E-19
"0",1.0,1.0E-19
"0",1.0,1.0E-19
"0",1.0,1.0E-19
"0",1.0,1.0E-19
"0",1.0,1.0E-19
"0",1.0,1.0E-19
"0",1.0,1.0E-19
"0",1.0,1.0E-19
"0",1.0,1.0E-19
"0",1.0,1.0E-19
"0",1.0,1.0E-19
"0",1.0,1.0E-19
"0",1.0,1.0E-19
"0",1.0,1.0E-19
"0",1.0,1.0E-19
"0",1.0,1.0E-19
"0",1.0,1.0E-19
"0",1.0,1.0E-19
"0",1.0,1.0E-19
"0",1.0,1.0E-19
"0",1.0,1.0E-19
"0",1.0,1.0E-19
"0",1.0,1.0E-19
"0",1.0,1.0E-19
"0",1.0,1.0E-19
"0",1.0,1.0E-19
"0",1.0,1.0E-19
"0",1.0,1.0E-19
"0",1.0,1.0E-19
"0",1.0,1.0E-19
"0",1.0,1.0E-19
"0",1.0,1.0E-19
"0",1.0,1.0E-19
"0",1.0,1.0E-19
"0",1.0,1.0E-19
"0",1.0,1.0E-19
"0",1.0,1.0E-19
"0",1.0,1.0E-19
"0",1.0,1.0E-19
"0",1.0,1.0E-19
"0",1.0,1.0E-19
"0",1.0,1.0E-19
"0",1.0,1.0E-19
"0",1.0,1.0E-19
"0",1.0,1.0E-19
"0",1.0,1.0E-19
"0",1.0,1.0E-19
"0",1.0,1.0E-19
"0",1.0,1.0E-19
"0",1.0,1.0E-19
"0",1.0,1.0E-19
"0",1.0,1.0E-19
"0",1.0,1.0E-19
"0",1.0,1.0E-19
"0",1.0,1.0E-19
"0",1.0,1.0E-19
"0",1.0,1.0E-19
"0",1.0,1.0E-19
"0",1.0,1.0E-19
"0",1.0,1.0E-19
"0",1.0,1.0E-19
"0",1.0,1.0E-19
"0",1.0,1.0E-19
"0",1.0,1.0E-19
"0",1.0,1.0E-19
"0",1.0,1.0E-19
"0",1.0,1.0E-19
"0",1.0,1.0E-19
"0",1.0,1.0E-19
"0",1.0,1.0E-19
"0",1.0,1.0E-19
"0",1.0,1.0E-19
"0",1.0,1.0E-19
"0",1.0,1.0E-19
"0",1.0,1.0E-19
"0",1.0,1.0E-19
"0",1.0,1.0E-19
"0",1.0,1.0E-19
"0",1.0,1.0E-19
"0",1.0,1.0E-19
"0",1.0,1.0E-19
"0",1.0,1.0E-19
"0",1.0,1.0E-19
"0",1.0,1.0E-19
"0",1.0,1.0E-19
"0",1.0,1.0E-19
"0",1.0,1.0E-19
"0",1.0,1.0E-19
"0",1.0,1.0E-19
"0",1.0,1.0E-19
"0",1.0,1.0E-19
"0",1.0,1.0E-19
"0",1.0,1.0E-19
"0",1.0,1.0E-19
"0",1.0,1.0E-19
"0",1.0,1.0E-19
"0",1.0,1.0E-19
"0",1.0,1.0E-19
"0",1.0,1.0E-19
"0",1.0,1.0E-19
"0",1.0,1.0E-19
"0",1.0,1.0E-19
"0",1.0,1.0E-19
"0",1.0,1.0E-19
"0",1.0,1.0E-19
"0",1.0,1.0E-19
"0",1.0,1.0E-19
"0",1.0,1.0E-19
"0",1.0,1.0E-19
"0",1.0,1.0E-19
"0",1.0,1.0E-19
"0",1.0,1.0E-19
"0",1.0,1.0E-19
"0",1.0,1.0E-19
"0",1.0,1.0E-19
"0",1.0,1.0E-19
"0",1.0,1.0E-19
"0",1.0,1.0E-19
"0",1.0,1.0E-19
"0",1.0,1.0E-19
"0",1.0,1.0E-19
"0",1.0,1.0E-19
"0",1.0,1.0E-19
"0",1.0,1.0E-19
"0",1.0,1.0E-19
"0",1.0,1.0E-19
"0",1.0,1.0E-19
"0",1.0,1.0E-19
"0",1.0,1.0E-19
"0",1.0,1.0E-19
"0",1.0,1.0E-19
"0",1.0,1.0E-19
"0",1.0,1.0E-19
"0",1.0,1.0E-19
"0",1.0,1.0E-19
"0",1.0,1.0E-19
"0",1.0,1.0E-19
"0",1.0,1.0E-19
"0",1.0,1.0E-19
"0",1.0,1.0E-19
"0",1.0,1.0E-19
"0",1.0,1.0E-19
"0",1.0,1.0E-19
"0",1.0,1.0E-19
"0",1.0,1.0E-19
"0",1.0,1.0E-19
"0",1.0,1.0E-19
"0",1.0,1.0E-19
"0",1.0,1.0E-19
"0",1.0,1.0E-19
"0",1.0,1.0E-19
"0",1.0,1.0E-19
"0",1.0,1.0E-19
"0",1.0,1.0E-19
"0",1.0,1.0E-19
"0",1.0,1.0E-19
"0",1.0,1.0E-19
"0",1.0,1.0E-19
"0",1.0,1.0E-19
"0",1.0,1.0E-19
"0",1.0,1.0E-19
"0",1.0,1.0E-19
"0",1.0,1.0E-19
"0",1.0,1.0E-19
"0",1.0,1.0E-19
"0",1.0,1.0E-19
"0",1.0,1.0E-19
"0",1.0,1.0E-19
"0",1.0,1.0E-19
"0",1.0,1.0E-19
"0",1.0,1.0E-19
"0",1.0,1.0E-19
"0",1.0,1.0E-19
"0",1.0,1.0E-19
"0",1.0,1.0E-19
"0",1.0,1.0E-19
"0",1.0,1.0E-19
"0",1.0,1.0E-19
"0",1.0,1.0E-19
"0",1.0,1.0E-19
"0",1.0,1.0E-19
"0",1.0,1.0E-19
"0",1.0,1.0E-19
"0",1.0,1.0E-19
"0",1.0,1.0E-19
"0",1.0,1.0E-19
"0",1.0,1.0E-19
"0",1.0,1.0E-19
"0",1.0,1.0E-19
"0",1.0,1.0E-19
"0",1.0,1.0E-19
"0",1.0,1.0E-19
"0",1.0,1.0E-19
"0",1.0,1.0E-19
"0",1.0,1.0E-19
"0",1.0,1.0E-19
"0",1.0,1.0E-19
"0",1.0,1.0E-19
"0",1.0,1.0E-19
"0",1.0,1.0E-19
"0",1.0,1.0E-19
"0",1.0,1.0E-19
"0",1.0,1.0E-19
"0",1.0,1.0E-19
"0",1.0,1.0E-19
"0",1.0,1.0E-19
"0",1.0,1.0E-19
"0",1.0,1.0E-19
"0",1.0,1.0E-19
"0",1.0,1.0E-19
"0",1.0,1.0E-19
"0",1.0,1.0E-19
"0",1.0,1.0E-19
"0",1.0,1.0E-19
"0",1.0,1.0E-19
"0",1.0,1.0E-19
"0",1.0,1.0E-19
"0",1.0,1.0E-19
"0",1.0,1.0E-19
"0",1.0,1.0E-19
"0",1.0,1.0E-19
"0",1.0,1.0E-19
"0",1.0,1.0E-19
"0",1.0,1.0E-19
"0",1.0,1.0E-19
"0",1.0,1.0E-19
"0",1.0,1.0E-19
"0",1.0,1.0E-19
"0",1.0,1.0E-19
"0",1.0,1.0E-19
"0",1.0,1.0E-19
"0",1.0,1.0E-19
"0",1.0,1.0E-19
"0",1.0,1.0E-19
"0",1.0,1.0E-19
"0",1.0,1.0E-19
"0",1.0,1.0E-19
"0",1.0,1.0E-19
"0",1.0,1.0E-19
"0",1.0,1.0E-19
"0",1.0,1.0E-19
"0",1.0,1.0E-19
"0",1.0,1.0E-19
"0",1.0,1.0E-19
"0",1.0,1.0E-19
"0",1.0,1.0E-19
"0",1.0,1.0E-19
"0",1.0,1.0E-19
"0",1.0,1.0E-19
"0",1.0,1.0E-19
"0",1.0,1.0E-19
"0",1.0,1.0E-19
"0",1.0,1.0E-19
"0",1.0,1.0E-19
"0",1.0,1.0E-19
"0",1.0,1.0E-19
"0",1.0,1.0E-19
"0",1.0,1.0E-19
"0",1.0,1.0E-19
"0",1.0,1.0E-19
"0",1.0,1.0E-19
"0",1.0,1.0E-19
"0",1.0,1.0E-19
"0",1.0,1.0E-19
"0",1.0,1.0E-19
"0",1.0,1.0E-19
"0",1.0,1.0E-19
"0",1.0,1.0E-19
"0",1.0,1.0E-19
"0",1.0,1.0E-19
"0",1.0,1.0E-19
"0",1.0,1.0E-19
"0",1.0,1.0E-19
"0",1.0,1.0E-19
"0",1.0,1.0E-19
"0",1.0,1.0E-19
"0",1.0,1.0E-19
"0",1.0,1.0E-19
"0",1.0,1.0E-19
"0",1.0,1.0E-19
"0",1.0,1.0E-19
"0",1.0,1.0E-19
"0",1.0,1.0E-19
"0",1.0,1.0E-19
"0",1.0,1.0E-19
"0",1.0,1.0E-19
"0",1.0,1.0E-19
"0",1.0,1.0E-19
"0",1.0,1.0E-19
"0",1.0,1.0E-19
"0",1.0,1.0E-19
"0",1.0,1.0E-19
"0",1.0,1.0E-19
"0",1.0,1.0E-19
"0",1.0,1.0E-19
"0",1.0,1.0E-19
"0",1.0,1.0E-19
"0",1.0,1.0E-19
"0",1.0,1.0E-19
"0",1.0,1.0E-19
"0",1.0,1.0E-19
"0",1.0,1.0E-19
"0",1.0,1.0E-19
"0",1.0,1.0E-19
"0",1.0,1.0E-19
"0",1.0,1.0E-19
"0",1.0,1.0E-19
"0",1.0,1.0E-19
"0",1.0,1.0E-19
"0",1.0,1.0E-19
"0",1.0,1.0E-19
"0",1.0,1.0E-19
"0",1.0,1.0E-19
"0",1.0,1.0E-19
"0",1.0,1.0E-19
"0",1.0,1.0E-19
"0",1.0,1.0E-19
"0",1.0,1.0E-19
"0",1.0,1.0E-19
"0",1.0,1.0E-19
"0",1.0,1.0E-19
"0",1.0,1.0E-19
"0",1.0,1.0E-19
"0",1.0,1.0E-19
"0",1.0,1.0E-19
"0",1.0,1.0E-19
"0",1.0,1.0E-19
"0",1.0,1.0E-19
"0",1.0,1.0E-19
"0",1.0,1.0E-19
"0",1.0,1.0E-19
"0",1.0,1.0E-19
"0",1.0,1.0E-19
"0",1.0,1.0E-19
"0",1.0,1.0E-19
"0",1.0,1.0E-19
"0",1.0,1.0E-19
"0",1.0,1.0E-19
"0",1.0,1.0E-19
"0",1.0,1.0E-19
"0",1.0,1.0E-19
"0",1.0,1.0E-19
"0",1.0,1.0E-19
"0",1.0,1.0E-19
"0",1.0,1.0E-19
"0",1.0,1.0E-19
"0",1.0,1.0E-19
"0",1.0,1.0E-19
"0",1.0,1.0E-19
"0",1.0,1.0E-19
"0",1.0,1.0E-19
"0",1.0,1.0E-19
"0",1.0,1.0E-19
"0",1.0,1.0E-19
"0",1.0,1.0E-19
"0",1.0,1.0E-19
"0",1.0,1.0E-19
"0",1.0,1.0E-19
"0",1.0,1.0E-19
"0",1.0,1.0E-19
"0",1.0,1.0E-19
"0",1.0,1.0E-19
"0",1.0,1.0E-19
"0",1.0,1.0E-19
"0",1.0,1.0E-19
"0",1.0,1.0E-19
"0",1.0,1.0E-19
"0",1.0,1.0E-19
"0",1.0,1.0E-19
"0",1.0,1.0E-19
"0",1.0,1.0E-19
"0",1.0,1.0E-19
"0",1.0,1.0E-19
"0",1.0,1.0E-19
"0",1.0,1.0E-19
"0",1.0,1.0E-19
"0",1.0,1.0E-19
"0",1.0,1.0E-19
"0",1.0,1.0E-19
"0",1.0,1.0E-19
"0",1.0,1.0E-19
"0",1.0,1.0E-19
"0",1.0,1.0E-19
"0",1.0,1.0E-19
"0",1.0,1.0E-19
"0",1.0,1.0E-19
"0",1.0,1.0E-19
"0",1.0,1.0E-19
"0",1.0,1.0E-19
"0",1.0,1.0E-19
"0",1.0,1.0E-19
"0",1.0,1.0E-19
"0",1.0,1.0E-19
"0",1.0,1.0E-19
"0",1.0,1.0E-19
"0",1.0,1.0E-19
"0",1.0,1.0E-19
"0",1.0,1.0E-19
"0",1.0,1.0E-19
"0",1.0,1.0E-19
"0",1.0,1.0E-19
"0",1.0,1.0E-19
"0",1.0,1.0E-19
"0",1.0,1.0E-19
"0",1.0,1.0E-19
"0",1.0,1.0E-19
"0",1.0,1.0E-19
"0",1.0,1.0E-19
"0",1.0,1.0E-19
"0",1.0,1.0E-19
"0",1.0,1.0E-19
"0",1.0,1.0E-19
"0",1.0,1.0E-19
"0",1.0,1.0E-19
"0",1.0,1.0E-19
"0",1.0,1.0E-19
"0",1.0,1.0E-19
"0",1.0,1.0E-19
"0",1.0,1.0E-19
"0",1.0,1.0E-19
"0",1.0,1.0E-19
"0",1.0,1.0E-19
"0",1.0,1.0E-19
"0",1.0,1.0E-19
"0",1.0,1.0E-19
"0",1.0,1.0E-19
"0",1.0,1.0E-19
"0",1.0,1.0E-19
"0",1.0,1.0E-19
"0",1.0,1.0E-19
"0",1.0,1.0E-19
"0",1.0,1.0E-19
"0",1.0,1.0E-19
"0",1.0,1.0E-19
"0",1.0,1.0E-19
"0",1.0,1.0E-19
"0",1.0,1.0E-19
"0",1.0,1.0E-19
"0",1.0,1.0E-19
"0",1.0,1.0E-19
"0",1.0,1.0E-19
"0",1.0,1.0E-19
"0",1.0,1.0E-19
"0",1.0,1.0E-19
"0",1.0,1.0E-19
"0",1.0,1.0E-19
"0",1.0,1.0E-19
"0",1.0,1.0E-19
"0",1.0,1.0E-19
"0",1.0,1.0E-19
"0",1.0,1.0E-19
"0",1.0,1.0E-19
"0",1.0,1.0E-19
"0",1.0,1.0E-19
"0",1.0,1.0E-19
"0",1.0,1.0E-19
"0",1.0,1.0E-19
"0",1.0,1.0E-19
"0",1.0,1.0E-19
"0",1.0,1.0E-19
"0",1.0,1.0E-19
"0",1.0,1.0E-19
"0",1.0,1.0E-19
"0",1.0,1.0E-19
"0",1.0,1.0E-19
"0",1.0,1.0E-19
"0",1.0,1.0E-19
"0",1.0,1.0E-19
"0",1.0,1.0E-19
"0",1.0,1.0E-19
"0",1.0,1.0E-19
"0",1.0,1.0E-19
"0",1.0,1.0E-19
"0",1.0,1.0E-19
"0",1.0,1.0E-19
"0",1.0,1.0E-19
"0",1.0,1.0E-19
"0",1.0,1.0E-19
"0",1.0,1.0E-19
"0",1.0,1.0E-19
"0",1.0,1.0E-19
"0",1.0,1.0E-19
"0",1.0,1.0E-19
"0",1.0,1.0E-19
"0",1.0,1.0E-19
"0",1.0,1.0E-19
"0",1.0,1.0E-19
"0",1.0,1.0E-19
"0",1.0,1.0E-19
"0",1.0,1.0E-19
"0",1.0,1.0E-19
"0",1.0,1.0E-19
"0",1.0,1.0E-19
"0",1.0,1.0E-19
"0",1.0,1.0E-19
"0",1.0,1.0E-19
"0",1.0,1.0E-19
"0",1.0,1.0E-19
"0",1.0,1.0E-19
"0",1.0,1.0E-19
"0",1.0,1.0E-19
"0",1.0,1.0E-19
"0",1.0,1.0E-19
"0",1.0,1.0E-19
"0",1.0,1.0E-19
"0",1.0,1.0E-19
"0",1.0,1.0E-19
"0",1.0,1.0E-19
"0",1.0,1.0E-19
"0",1.0,1.0E-19
"0",1.0,1.0E-19
"0",1.0,1.0E-19
"0",1.0,1.0E-19
"0",1.0,1.0E-19
"0",1.0,1.0E-19
"0",1.0,1.0E-19
"0",1.0,1.0E-19
"0",1.0,1.0E-19
"0",1.0,1.0E-19
"0",1.0,1.0E-19
"0",1.0,1.0E-19
"0",1.0,1.0E-19
"0",1.0,1.0E-19
"0",1.0,1.0E-19
"0",1.0,1.0E-19
"0",1.0,1.0E-19
"0",1.0,1.0E-19
"0",1.0,1.0E-19
"0",1.0,1.0E-19
"0",1.0,1.0E-19
"0",1.0,1.0E-19
"0",1.0,1.0E-19
"0",1.0,1.0E-19
"0",1.0,1.0E-19
"0",1.0,1.0E-19
"0",1.0,1.0E-19
"0",1.0,1.0E-19
"0",1.0,1.0E-19
"0",1.0,1.0E-19
"0",1.0,1.0E-19
"0",1.0,1.0E-19
"0",1.0,1.0E-19
"0",1.0,1.0E-19
"0",1.0,1.0E-19
"0",1.0,1.0E-19
"0",1.0,1.0E-19
"0",1.0,1.0E-19
"0",1.0,1.0E-19
"0",1.0,1.0E-19
"0",1.0,1.0E-19
"0",1.0,1.0E-19
"0",1.0,1.0E-19
"0",1.0,1.0E-19
"0",1.0,1.0E-19
"0",1.0,1.0E-19
"0",1.0,1.0E-19
"0",1.0,1.0E-19
"0",1.0,1.0E-19
"0",1.0,1.0E-19
"0",1.0,1.0E-19
"0",1.0,1.0E-19
"0",1.0,1.0E-19
"0",1.0,1.0E-19
"0",1.0,1.0E-19
"0",1.0,1.0E-19
"0",1.0,1.0E-19
"0",1.0,1.0E-19
"0",1.0,1.0E-19
"0",1.0,1.0E-19
"0",1.0,1.0E-19
"0",1.0,1.0E-19
"0",1.0,1.0E-19
"0",1.0,1.0E-19
"0",1.0,1.0E-19
"0",1.0,1.0E-19
"0",1.0,2.2327281081429765E-18
"0",1.0,1.0E-19
"0",1.0,1.0E-19
"0",1.0,1.0E-19
"0",1.0,1.0E-19
"0",1.0,1.0E-19
"0",1.0,1.0E-19
"0",1.0,1.0E-19
"0",1.0,1.0E-19
"0",1.0,1.0E-19
"0",1.0,1.0E-19
"0",1.0,1.0E-19
"0",1.0,1.0E-19
"0",1.0,1.0E-19
"0",1.0,1.0E-19
"0",1.0,1.0E-19
"0",1.0,1.0E-19
"0",1.0,1.0E-19
"0",1.0,1.0E-19
"0",1.0,1.0E-19
"0",1.0,1.0E-19
"0",1.0,1.0E-19
"0",1.0,1.0E-19
"0",1.0,1.0E-19
"0",1.0,1.0E-19
"0",1.0,1.0E-19
"0",1.0,1.0E-19
"0",1.0,1.0E-19
"0",1.0,1.0E-19
"0",1.0,1.0E-19
"0",1.0,1.0E-19
"0",1.0,1.0E-19
"0",1.0,1.0E-19
"0",1.0,1.0E-19
"0",1.0,1.0E-19
"0",1.0,1.0E-19
"0",1.0,1.0E-19
"0",1.0,1.0E-19
"0",1.0,1.0E-19
"0",1.0,1.0E-19
"0",1.0,1.0E-19
"0",1.0,1.0E-19
"0",1.0,1.0E-19
"0",1.0,1.0E-19
"0",1.0,1.0E-19
"0",1.0,1.0E-19
"0",1.0,1.0E-19
"0",1.0,1.0E-19
"0",1.0,1.0E-19
"0",1.0,1.0E-19
"0",1.0,1.0E-19
"0",1.0,1.0E-19
"0",1.0,1.0E-19
"0",1.0,1.0E-19
"0",1.0,1.0E-19
"0",1.0,1.0E-19
"0",1.0,1.0E-19
"0",1.0,1.0E-19
"0",1.0,1.0E-19
"0",1.0,1.0E-19
"0",1.0,1.0E-19
"0",1.0,1.0E-19
"0",1.0,1.0E-19
"0",1.0,1.0E-19
"0",1.0,1.0E-19
"0",1.0,1.0E-19
"0",1.0,1.0E-19
"0",1.0,1.0E-19
"0",1.0,1.0E-19
"0",1.0,1.0E-19
"0",1.0,1.0E-19
"0",1.0,1.0E-19
"0",1.0,1.0E-19
"0",1.0,1.0E-19
"0",1.0,1.0E-19
"0",1.0,1.0E-19
"0",1.0,1.0E-19
"0",1.0,1.0E-19
"0",1.0,1.0E-19
"0",1.0,1.0E-19
"0",1.0,1.0E-19
"0",1.0,1.0E-19
"0",1.0,1.0E-19
"0",1.0,1.0E-19
"0",1.0,1.0E-19
"0",1.0,1.0E-19
"0",1.0,1.0E-19
"0",1.0,1.0E-19
"0",1.0,1.0E-19
"0",1.0,1.0E-19
"0",1.0,1.0E-19
"0",1.0,1.0E-19
"0",1.0,1.0E-19
"0",1.0,1.0E-19
"0",1.0,1.0E-19
"0",1.0,1.0E-19
"0",1.0,1.0E-19
"0",1.0,1.0E-19
"0",1.0,1.0E-19
"0",1.0,1.0E-19
"0",1.0,1.0E-19
"0",1.0,1.0E-19
"0",1.0,1.0E-19
"0",1.0,1.0E-19
"0",1.0,1.0E-19
"0",1.0,1.0E-19
"0",1.0,1.0E-19
"0",1.0,1.0E-19
"0",1.0,1.0E-19
"0",1.0,1.0E-19
"0",1.0,1.0E-19
"0",1.0,1.0E-19
"0",1.0,1.0E-19
"0",1.0,1.0E-19
"0",1.0,1.0E-19
"0",1.0,1.0E-19
"0",1.0,1.0E-19
"0",1.0,1.0E-19
"0",1.0,1.0E-19
"0",1.0,1.0E-19
"0",1.0,1.0E-19
"0",1.0,1.0E-19
"0",1.0,1.0E-19
"0",1.0,1.0E-19
"0",1.0,1.0E-19
"0",1.0,1.0E-19
"0",1.0,1.0E-19
"0",1.0,1.0E-19
"0",1.0,1.0E-19
"0",1.0,1.0E-19
"0",1.0,1.0E-19
"0",1.0,1.0E-19
"0",1.0,1.0E-19
"0",1.0,1.0E-19
"0",1.0,1.0E-19
"0",1.0,1.0E-19
"0",1.0,1.0E-19
"0",1.0,1.0E-19
"0",1.0,1.0E-19
"0",1.0,1.0E-19
"0",1.0,1.0E-19
"0",1.0,1.0E-19
"0",1.0,1.0E-19
"0",1.0,1.0E-19
"0",1.0,1.0E-19
"0",1.0,1.0E-19
"0",1.0,1.0E-19
"0",1.0,1.0E-19
"0",1.0,1.0E-19
"0",1.0,1.0E-19
"0",1.0,1.0E-19
"0",1.0,1.0E-19
"0",1.0,1.0E-19
"0",1.0,1.0E-19
"0",1.0,1.0E-19
"0",1.0,1.0E-19
"0",1.0,1.0E-19
"0",1.0,1.0E-19
"0",1.0,1.0E-19
"0",1.0,1.0E-19
"0",1.0,1.0E-19
"0",1.0,1.0E-19
"0",1.0,1.0E-19
"0",1.0,1.0E-19
"0",1.0,1.0E-19
"0",1.0,1.0E-19
"0",1.0,1.0E-19
"0",1.0,1.0E-19
"0",1.0,1.0E-19
"0",1.0,1.0E-19
"0",1.0,1.0E-19
"0",1.0,1.0E-19
"0",0.9999999999999515,4.848506442151163E-14
"0",1.0,1.0E-19
"0",1.0,1.0E-19
"0",1.0,1.0E-19
"0",1.0,1.0E-19
"0",1.0,1.0E-19
"0",1.0,3.599091893763315E-19
"0",1.0,1.0E-19
"0",1.0,1.0E-19
"0",1.0,1.0E-19
"0",1.0,1.0E-19
"0",1.0,1.0E-19
"0",1.0,1.0E-19
"0",1.0,1.0E-19
"0",1.0,1.0E-19
"0",1.0,1.0E-19
"0",1.0,1.0E-19
"0",1.0,1.0E-19
"0",1.0,1.0E-19
"0",1.0,1.0E-19
"0",1.0,1.0E-19
"0",1.0,1.0E-19
"0",1.0,1.0E-19
"0",1.0,1.0E-19
"0",1.0,1.0E-19
"0",1.0,1.0E-19
"0",1.0,1.0E-19
"0",1.0,1.0E-19
"0",1.0,1.0E-19
"0",1.0,1.0E-19
"0",1.0,1.0E-19
"0",1.0,1.0E-19
"0",1.0,1.0E-19
"0",1.0,1.0E-19
"0",1.0,1.0E-19
"0",1.0,1.0E-19
"0",1.0,1.0E-19
"0",1.0,1.0E-19
"0",1.0,1.0E-19
"0",1.0,1.0E-19
"0",1.0,1.0E-19
"0",1.0,1.0E-19
"0",1.0,1.3292590605929966E-19
"0",1.0,1.0E-19
"0",1.0,1.0E-19
"0",1.0,1.0E-19
"0",1.0,1.0E-19
"0",1.0,1.0E-19
"0",1.0,1.0E-19
"0",1.0,1.0E-19
"0",1.0,1.0E-19
"0",1.0,1.0E-19
"0",1.0,1.0E-19
"0",1.0,1.0E-19
"0",1.0,1.0E-19
"0",1.0,1.0E-19
"0",1.0,1.0E-19
"0",1.0,1.0E-19
"0",1.0,1.0E-19
"0",1.0,1.0E-19
"0",1.0,1.0E-19
"0",1.0,1.0E-19
"0",1.0,1.0E-19
"0",1.0,1.0E-19
"0",1.0,1.0E-19
"0",1.0,1.0E-19
"0",1.0,1.0E-19
"0",1.0,1.0E-19
"0",1.0,1.0E-19
"0",1.0,1.0E-19
"0",1.0,1.0E-19
"0",1.0,1.0E-19
"0",1.0,1.0E-19
"0",1.0,1.0E-19
"0",1.0,1.0E-19
"0",1.0,1.0E-19
"0",1.0,1.0E-19
"0",1.0,1.0E-19
"0",1.0,1.0E-19
"0",1.0,1.0E-19
"0",1.0,1.0E-19
"0",1.0,1.0E-19
"0",1.0,1.0E-19
"0",1.0,1.0E-19
"0",1.0,1.0E-19
"0",1.0,1.0E-19
"0",1.0,1.0E-19
"0",1.0,1.0E-19
"0",1.0,1.0E-19
"0",1.0,1.0E-19
"0",1.0,1.0E-19
"0",1.0,1.0E-19
"0",1.0,1.0E-19
"0",1.0,1.0E-19
"0",1.0,1.0E-19
"0",1.0,1.0E-19
"0",1.0,1.0E-19
"0",1.0,1.0E-19
"0",1.0,1.0E-19
"0",1.0,1.0E-19
"0",1.0,1.0E-19
"0",1.0,1.0E-19
"0",1.0,1.0E-19
"0",1.0,1.0E-19
"0",1.0,1.0E-19
"0",1.0,1.0E-19
"0",1.0,1.0E-19
"0",1.0,1.0E-19
"0",1.0,1.0E-19
"0",1.0,1.0E-19
"0",1.0,1.0E-19
"0",1.0,1.0E-19
"0",1.0,1.0E-19
"0",1.0,1.0E-19
"0",1.0,1.0E-19
"0",1.0,1.0E-19
"0",1.0,1.0E-19
"0",1.0,1.0E-19
"0",1.0,1.0E-19
"0",1.0,1.0E-19
"0",1.0,1.0E-19
"0",1.0,1.0E-19
"0",1.0,1.0E-19
"0",1.0,1.0E-19
"0",1.0,1.0E-19
"0",1.0,1.0E-19
"0",1.0,1.0E-19
"0",1.0,1.0E-19
"0",1.0,1.0E-19
"0",1.0,1.0E-19
"0",1.0,1.0E-19
"0",1.0,1.0E-19
"0",1.0,1.0E-19
"0",1.0,1.0E-19
"0",1.0,1.0E-19
"0",1.0,1.0E-19
"0",1.0,1.0E-19
"0",1.0,1.0E-19
"0",1.0,1.0E-19
"0",1.0,1.0E-19
"0",1.0,1.0E-19
"0",1.0,1.0E-19
"0",1.0,1.0E-19
"0",1.0,1.0E-19
"0",1.0,1.0E-19
"0",1.0,1.0E-19
"0",1.0,1.0E-19
"0",1.0,1.0E-19
"0",1.0,1.0E-19
"0",1.0,1.8038628092845579E-19
"0",1.0,1.0E-19
"0",1.0,1.0E-19
"0",1.0,1.0E-19
"0",1.0,1.0E-19
"0",1.0,1.0E-19
"0",1.0,1.0E-19
"0",1.0,1.0E-19
"0",1.0,1.0E-19
"0",1.0,1.0E-19
"0",1.0,1.0E-19
"0",1.0,1.0E-19
"0",1.0,1.0E-19
"0",1.0,1.0E-19
"0",1.0,1.0E-19
"0",1.0,1.0E-19
"0",1.0,1.0E-19
"0",1.0,1.0E-19
"0",1.0,1.0E-19
"0",1.0,1.0E-19
"0",1.0,1.0E-19
"0",1.0,1.0E-19
"0",1.0,1.0530738220557854E-17
"0",1.0,1.0E-19
"0",1.0,1.0E-19
"0",1.0,1.0E-19
"0",1.0,1.0E-19
"0",1.0,1.0E-19
"0",1.0,1.0E-19
"0",1.0,1.0E-19
"0",1.0,1.0E-19
"0",1.0,1.0E-19
"0",1.0,1.0E-19
"0",1.0,1.0E-19
"0",1.0,1.0E-19
"0",1.0,1.0E-19
"0",1.0,1.0E-19
"0",1.0,1.0E-19
"0",1.0,1.0E-19
"0",1.0,1.0E-19
"0",1.0,1.0E-19
"0",1.0,1.0E-19
"0",1.0,1.0E-19
"0",1.0,1.0E-19
"0",1.0,1.0E-19
"0",1.0,1.0E-19
"0",1.0,1.0E-19
"0",1.0,1.0E-19
"0",1.0,1.0E-19
"0",1.0,1.0E-19
"0",1.0,1.0E-19
"0",1.0,1.0E-19
"0",1.0,1.0E-19
"0",1.0,1.0E-19
"0",1.0,1.0E-19
"0",1.0,1.0E-19
"0",1.0,1.0E-19
"0",1.0,1.0E-19
"0",1.0,1.0E-19
"0",1.0,1.0E-19
"0",1.0,1.0E-19
"0",1.0,1.0E-19
"0",1.0,1.0E-19
"0",1.0,1.0E-19
"0",1.0,1.0E-19
"0",1.0,1.0E-19
"0",1.0,1.0E-19
"0",1.0,9.596815632462605E-19
"0",1.0,1.0E-19
"0",1.0,1.0E-19
"0",1.0,1.0E-19
"0",1.0,1.0E-19
"0",1.0,1.0E-19
"0",1.0,1.0E-19
"0",1.0,1.0E-19
"0",1.0,1.0E-19
"0",1.0,1.0E-19
"0",1.0,1.0E-19
"0",1.0,1.0E-19
"0",1.0,1.0E-19
"0",1.0,1.0E-19
"0",1.0,1.0E-19
"0",1.0,1.0E-19
"0",1.0,1.0E-19
"0",1.0,1.0E-19
"0",1.0,1.0E-19
"0",1.0,1.0E-19
"0",1.0,1.0E-19
"0",1.0,1.0E-19
"0",1.0,1.0E-19
"0",1.0,1.0E-19
"0",1.0,1.0E-19
"0",1.0,1.0E-19
"0",1.0,1.0E-19
"0",1.0,1.0E-19
"0",1.0,1.0E-19
"0",1.0,1.0E-19
"0",1.0,1.0E-19
"0",1.0,1.0E-19
"0",1.0,1.0E-19
"0",1.0,1.0E-19
"0",1.0,1.0E-19
"0",1.0,1.0E-19
"0",1.0,1.0E-19
"0",1.0,1.0E-19
"0",1.0,1.0E-19
"0",1.0,1.0E-19
"0",1.0,1.0E-19
"0",1.0,1.0E-19
"0",1.0,1.0E-19
"0",1.0,1.0E-19
"0",1.0,1.0E-19
"0",1.0,1.0E-19
"0",1.0,1.0E-19
"0",1.0,1.0E-19
"0",1.0,5.682560256467013E-19
"0",1.0,1.0E-19
"0",1.0,1.0E-19
"0",1.0,1.0E-19
"0",1.0,1.0E-19
"0",1.0,1.0E-19
"0",1.0,1.0E-19
"0",1.0,1.0E-19
"0",1.0,1.0E-19
"0",1.0,1.0E-19
"0",1.0,1.0E-19
"0",1.0,1.0E-19
"0",1.0,1.0E-19
"0",1.0,1.0E-19
"0",1.0,1.0E-19
"0",1.0,1.0E-19
"0",1.0,1.0E-19
"0",1.0,1.0E-19
"0",1.0,1.0E-19
"0",1.0,1.0E-19
"0",1.0,1.0E-19
"0",1.0,1.0E-19
"0",1.0,1.0E-19
"0",1.0,1.0E-19
"0",1.0,1.0E-19
"0",1.0,1.0E-19
"0",1.0,1.0E-19
"0",1.0,1.0E-19
"0",1.0,1.0E-19
"0",1.0,1.0E-19
"0",1.0,1.0E-19
"0",1.0,1.0E-19
"0",1.0,1.0E-19
"0",1.0,1.0E-19
"0",1.0,1.0E-19
"0",1.0,1.0E-19
"0",1.0,1.0E-19
"0",1.0,1.0E-19
"0",1.0,1.0E-19
"0",1.0,1.0E-19
"0",1.0,1.0E-19
"0",1.0,1.0E-19
"0",1.0,1.0E-19
"0",1.0,1.0E-19
"0",1.0,1.0E-19
"0",1.0,1.0E-19
"0",1.0,8.611182628834382E-18
"0",1.0,1.0E-19
"0",1.0,1.0E-19
"0",1.0,1.0E-19
"0",1.0,1.0E-19
"0",1.0,1.0E-19
"0",1.0,1.0E-19
"0",1.0,1.0E-19
"0",1.0,1.0E-19
"0",1.0,1.0E-19
"0",1.0,1.0E-19
"0",1.0,1.0E-19
"0",1.0,1.0E-19
"0",1.0,1.0E-19
"0",1.0,2.549553875688249E-18
"0",1.0,1.0E-19
"0",1.0,1.0E-19
"0",1.0,1.0E-19
"0",1.0,1.0E-19
"0",1.0,1.0E-19
"0",1.0,1.0E-19
"0",1.0,1.0E-19
"0",1.0,1.0E-19
"0",1.0,1.0E-19
"0",1.0,1.0E-19
"0",1.0,1.0E-19
"0",1.0,1.0E-19
"0",1.0,1.0E-19
"0",1.0,1.0E-19
"0",1.0,1.0E-19
"0",1.0,1.0E-19
"0",1.0,1.0E-19
"0",1.0,1.0E-19
"0",1.0,1.0E-19
"0",1.0,1.0E-19
"0",1.0,1.0E-19
"0",1.0,1.0E-19
"0",1.0,1.0E-19
"0",1.0,1.0E-19
"0",1.0,1.0E-19
"0",1.0,1.0E-19
"0",1.0,1.0E-19
"0",1.0,1.0E-19
"0",1.0,1.0E-19
"0",1.0,1.0E-19
"0",1.0,1.0E-19
"0",1.0,1.0E-19
"0",1.0,1.0E-19
"0",1.0,1.0E-19
"0",1.0,1.0E-19
"0",1.0,1.0E-19
"0",1.0,1.0E-19
"0",1.0,1.0E-19
"0",1.0,1.0E-19
"0",1.0,1.0E-19
"0",1.0,1.0E-19
"0",1.0,1.0E-19
"0",1.0,1.0E-19
"0",1.0,1.0E-19
"0",1.0,1.0E-19
"0",1.0,1.0E-19
"0",1.0,1.0E-19
"0",1.0,1.0E-19
"0",1.0,1.0E-19
"0",1.0,1.0E-19
"0",1.0,1.0E-19
"0",1.0,1.0E-19
"0",1.0,1.0E-19
"0",1.0,1.0E-19
"0",1.0,1.0E-19
"0",1.0,1.0E-19
"0",1.0,1.0E-19
"0",1.0,1.0E-19
"0",1.0,1.0E-19
"0",1.0,1.0E-19
"0",1.0,1.0E-19
"0",1.0,1.0E-19
"0",1.0,1.0E-19
"0",1.0,1.0E-19
"0",1.0,1.0E-19
"0",1.0,1.0E-19
"0",1.0,1.0E-19
"0",1.0,1.0E-19
"0",1.0,1.0E-19
"0",1.0,1.0E-19
"0",1.0,1.0E-19
"0",1.0,1.0E-19
"0",1.0,1.0E-19
"0",1.0,1.0E-19
"0",1.0,1.0E-19
"0",1.0,1.0E-19
"0",1.0,1.0E-19
"0",1.0,1.0E-19
"0",1.0,1.0E-19
"0",1.0,1.0E-19
"0",1.0,1.0E-19
"0",1.0,1.0E-19
"0",1.0,1.0E-19
"0",1.0,1.0E-19
"0",1.0,1.0E-19
"0",1.0,1.0E-19
"0",1.0,1.0E-19
"0",1.0,1.0E-19
"0",1.0,1.0E-19
"0",1.0,1.0E-19
"0",1.0,1.0E-19
"0",1.0,1.0E-19
"0",1.0,1.0E-19
"0",1.0,1.0E-19
"0",1.0,1.0E-19
"0",1.0,1.0E-19
"0",1.0,1.0E-19
"0",1.0,1.0E-19
"0",1.0,1.0E-19
"0",1.0,1.0E-19
"0",1.0,1.0E-19
"0",1.0,1.0E-19
"0",1.0,1.0E-19
"0",1.0,1.0E-19
"0",1.0,1.0E-19
"0",1.0,1.0E-19
"0",1.0,1.0E-19
"0",1.0,1.0E-19
"0",1.0,1.0E-19
"0",1.0,1.0E-19
"0",1.0,1.0E-19
"0",1.0,1.0E-19
"0",1.0,1.0E-19
"0",1.0,1.0E-19
"0",1.0,1.0E-19
"0",1.0,1.0E-19
"0",1.0,1.0E-19
"0",1.0,1.0E-19
"0",1.0,1.0E-19
"0",1.0,1.0E-19
"0",1.0,1.0E-19
"0",1.0,1.0E-19
"0",1.0,1.0E-19
"0",1.0,1.0E-19
"0",1.0,1.0E-19
"0",1.0,1.0E-19
"0",1.0,1.0E-19
"0",1.0,1.0E-19
"0",1.0,1.0E-19
"0",1.0,1.0E-19
"0",1.0,1.0E-19
"0",1.0,1.0E-19
"0",1.0,1.0E-19
"0",1.0,1.0E-19
"0",1.0,1.0E-19
"0",1.0,1.0E-19
"0",1.0,1.0E-19
"0",1.0,1.0E-19
"0",1.0,1.0E-19
"0",1.0,9.57465257784741E-19
"0",1.0,1.0E-19
"0",1.0,1.0E-19
"0",1.0,1.0E-19
"0",1.0,1.0E-19
"0",1.0,1.0E-19
"0",1.0,1.0E-19
"0",1.0,1.0E-19
"0",1.0,1.0E-19
"0",1.0,1.0E-19
"0",1.0,1.0E-19
"0",1.0,1.0E-19
"0",1.0,1.0E-19
"0",1.0,1.0E-19
"0",1.0,1.0E-19
"0",1.0,1.0E-19
"0",1.0,1.0E-19
"0",1.0,1.0E-19
"0",1.0,1.0E-19
"0",1.0,1.0E-19
"0",1.0,1.0E-19
"0",1.0,1.0E-19
"0",1.0,1.0E-19
"0",1.0,1.0E-19
"0",1.0,1.0E-19
"0",1.0,1.0E-19
"0",1.0,1.0E-19
"0",1.0,1.0E-19
"0",1.0,1.0E-19
"0",1.0,1.0E-19
"0",1.0,1.0E-19
"0",1.0,1.0E-19
"0",1.0,1.0E-19
"0",1.0,1.0E-19
"0",1.0,1.0E-19
"0",1.0,1.0E-19
"0",1.0,1.0E-19
"0",1.0,1.0E-19
"0",1.0,4.5825592843760284E-18
"0",1.0,1.0E-19
"0",1.0,1.0E-19
"0",1.0,1.0E-19
"0",1.0,1.0E-19
"0",1.0,1.0E-19
"0",1.0,1.0E-19
"0",1.0,1.0E-19
"0",1.0,1.0E-19
"0",1.0,1.0E-19
"0",1.0,8.567469707587883E-18
"0",1.0,1.0E-19
"0",1.0,1.0E-19
"0",1.0,1.0E-19
"0",1.0,1.0E-19
"0",1.0,1.0E-19
"0",1.0,3.9015179804555847E-19
"0",1.0,1.0E-19
"0",1.0,1.0E-19
"0",1.0,1.0E-19
"0",1.0,1.0E-19
"0",1.0,1.0E-19
"0",1.0,1.0E-19
"0",1.0,1.0E-19
"0",1.0,1.0E-19
"0",1.0,1.0E-19
"0",1.0,1.0E-19
"0",1.0,1.0E-19
"0",1.0,1.0E-19
"0",1.0,1.0E-19
"0",1.0,1.0E-19
"0",1.0,1.0E-19
"0",1.0,1.0E-19
"0",1.0,1.0E-19
"0",1.0,1.0E-19
"0",1.0,1.0E-19
"0",1.0,1.0E-19
"0",1.0,1.0E-19
"0",1.0,1.0E-19
"0",1.0,1.0E-19
"0",1.0,1.0E-19
"0",1.0,1.0E-19
"0",1.0,1.0E-19
"0",1.0,1.0E-19
"0",1.0,1.0E-19
"0",1.0,1.0E-19
"0",1.0,1.0E-19
"0",1.0,1.0E-19
"0",1.0,1.0E-19
"0",1.0,1.0E-19
"0",1.0,1.0E-19
"0",1.0,1.0E-19
"0",1.0,1.0E-19
"0",1.0,1.0E-19
"0",1.0,1.0E-19
"0",1.0,1.0E-19
"0",1.0,1.0E-19
"0",1.0,1.0E-19
"0",1.0,1.0E-19
"0",1.0,1.0E-19
"0",1.0,1.0E-19
"0",1.0,1.0E-19
"0",1.0,1.0E-19
"0",1.0,1.0E-19
"0",1.0,1.0E-19
"0",1.0,1.0E-19
"0",1.0,1.0E-19
"0",1.0,1.0E-19
"0",1.0,1.0E-19
"0",1.0,1.0E-19
"0",1.0,1.0E-19
"0",1.0,1.0E-19
"0",1.0,1.0E-19
"0",1.0,1.0E-19
"0",1.0,1.0E-19
"0",1.0,1.0E-19
"0",1.0,1.0E-19
"0",1.0,1.0E-19
"0",1.0,1.0E-19
"0",1.0,1.0E-19
"0",1.0,1.0E-19
"0",1.0,1.0E-19
"0",1.0,1.0E-19
"0",1.0,1.0E-19
"0",1.0,1.0E-19
"0",1.0,1.0E-19
"0",1.0,1.0E-19
"0",1.0,1.0E-19
"0",1.0,1.0E-19
"0",1.0,1.0E-19
"0",1.0,1.0E-19
"0",1.0,1.0E-19
"0",1.0,1.0E-19
"0",1.0,1.0E-19
"0",1.0,1.0E-19
"0",1.0,1.0E-19
"0",1.0,1.0E-19
"0",1.0,1.0E-19
"0",1.0,1.0E-19
"0",1.0,1.0E-19
"0",1.0,1.0E-19
"0",1.0,1.0E-19
"0",1.0,1.0E-19
"0",1.0,1.0E-19
"0",1.0,1.0E-19
"0",1.0,1.0E-19
"0",1.0,1.0E-19
"0",1.0,1.0E-19
"0",0.9999999999999999,8.320138460716848E-17
"0",1.0,1.0E-19
"0",1.0,1.0E-19
"0",1.0,1.0E-19
"0",1.0,1.0E-19
"0",1.0,1.0E-19
"0",1.0,1.0E-19
"0",1.0,1.0E-19
"0",1.0,1.0E-19
"0",1.0,1.0E-19
"0",1.0,1.0E-19
"0",1.0,1.0E-19
"0",1.0,1.0E-19
"0",1.0,1.0E-19
"0",1.0,1.0E-19
"0",1.0,1.0E-19
"0",1.0,1.0E-19
"0",1.0,1.0E-19
"0",1.0,1.0E-19
"0",1.0,1.0E-19
"0",1.0,1.0E-19
"0",1.0,1.0E-19
"0",1.0,1.0E-19
"0",1.0,1.0E-19
"0",1.0,1.0E-19
"0",1.0,1.0E-19
"0",1.0,1.0E-19
"0",1.0,1.0E-19
"0",1.0,1.0E-19
"0",1.0,1.0E-19
"0",1.0,1.0E-19
"0",1.0,1.0E-19
"0",1.0,1.0E-19
"0",1.0,1.0E-19
"0",1.0,1.0E-19
"0",1.0,1.0E-19
"0",1.0,1.0E-19
"0",1.0,1.0E-19
"0",1.0,1.0E-19
"0",1.0,1.0E-19
"0",1.0,1.0E-19
"0",1.0,1.0E-19
"0",1.0,1.0E-19
"0",1.0,1.0E-19
"0",1.0,1.0E-19
"0",1.0,1.0E-19
"0",1.0,1.0E-19
"0",1.0,1.0E-19
"0",1.0,1.0E-19
"0",1.0,1.0E-19
"0",1.0,1.0E-19
"0",1.0,1.0E-19
"0",1.0,1.0E-19
"0",1.0,1.0E-19
"0",1.0,1.0E-19
"0",1.0,1.0E-19
"0",1.0,1.0E-19
"0",1.0,1.0E-19
"0",1.0,1.0E-19
"0",1.0,1.0E-19
"0",1.0,1.0E-19
"0",1.0,1.0E-19
"0",1.0,1.0E-19
"0",1.0,1.0E-19
"0",1.0,1.0E-19
"0",1.0,1.0E-19
"0",1.0,1.0E-19
"0",1.0,1.0E-19
"0",1.0,1.0E-19
"0",1.0,1.0E-19
"0",1.0,1.0E-19
"0",1.0,1.0E-19
"0",1.0,1.0E-19
"0",1.0,1.0E-19
"0",1.0,1.0E-19
"0",1.0,1.0E-19
"0",1.0,1.0E-19
"0",1.0,1.0E-19
"0",1.0,1.0E-19
"0",1.0,1.0E-19
"0",1.0,1.0E-19
"0",1.0,1.0E-19
"0",1.0,1.0E-19
"0",1.0,1.0E-19
"0",1.0,1.0E-19
"0",1.0,1.0E-19
"0",1.0,1.0E-19
"0",1.0,1.0E-19
"0",1.0,1.0E-19
"0",1.0,1.0E-19
"0",1.0,1.0E-19
"0",1.0,1.0E-19
"0",1.0,1.0E-19
"0",1.0,1.0E-19
"0",1.0,1.0E-19
"0",1.0,1.0E-19
"0",1.0,1.0E-19
"0",1.0,1.0E-19
"0",1.0,1.0E-19
"0",1.0,1.0E-19
"0",1.0,1.0E-19
"0",1.0,1.0E-19
"0",1.0,1.0E-19
"0",1.0,1.0E-19
"0",1.0,1.0E-19
"0",1.0,1.0E-19
"0",0.9999999999999999,1.247680603005352E-16
"0",1.0,1.0E-19
"0",1.0,1.0E-19
"0",1.0,1.0E-19
"0",1.0,1.0E-19
"0",1.0,1.0E-19
"0",1.0,1.0E-19
"0",1.0,1.0E-19
"0",1.0,1.0E-19
"0",1.0,1.0E-19
"0",1.0,1.0E-19
"0",1.0,1.0E-19
"0",1.0,1.0E-19
"0",1.0,1.0E-19
"0",1.0,1.0E-19
"0",1.0,1.0E-19
"0",1.0,1.0E-19
"0",1.0,1.0E-19
"0",1.0,1.0E-19
"0",1.0,1.0E-19
"0",1.0,1.0E-19
"0",1.0,1.0E-19
"0",1.0,1.0E-19
"0",1.0,1.0E-19
"0",1.0,1.0E-19
"0",1.0,1.0E-19
"0",1.0,1.0E-19
"0",1.0,1.0E-19
"0",1.0,1.0E-19
"0",1.0,1.0E-19
"0",1.0,1.0E-19
"0",1.0,1.0E-19
"0",1.0,1.0E-19
"0",1.0,1.0E-19
"0",1.0,1.0E-19
"0",1.0,1.0E-19
"0",1.0,1.0E-19
"0",1.0,1.0E-19
"0",1.0,1.0E-19
"0",1.0,1.0E-19
"0",1.0,1.0E-19
"0",1.0,1.0E-19
"0",1.0,1.0E-19
"0",1.0,1.0E-19
"0",1.0,1.0E-19
"0",1.0,1.0E-19
"0",1.0,1.0E-19
"0",1.0,1.0E-19
"0",1.0,1.0E-19
"0",1.0,1.0E-19
"0",1.0,1.0E-19
"0",1.0,1.0E-19
"0",1.0,1.0E-19
"0",1.0,1.0E-19
"0",1.0,1.0E-19
"0",1.0,1.0E-19
"0",1.0,1.0E-19
"0",1.0,1.0E-19
"0",1.0,1.0E-19
"0",1.0,1.0E-19
"0",1.0,1.0E-19
"0",1.0,1.0E-19
"0",1.0,1.0E-19
"0",1.0,1.0E-19
"0",1.0,1.0E-19
"0",1.0,1.0E-19
"0",1.0,1.0E-19
"0",1.0,1.0E-19
"0",1.0,1.0E-19
"0",1.0,1.0E-19
"0",1.0,1.0E-19
"0",1.0,1.0E-19
"0",1.0,1.0E-19
"0",1.0,1.0E-19
"0",1.0,1.0E-19
"0",1.0,1.0E-19
"0",1.0,1.0E-19
"0",1.0,1.0E-19
"0",1.0,1.0E-19
"0",1.0,1.0E-19
"0",1.0,1.0E-19
"0",1.0,1.0E-19
"0",1.0,1.0E-19
"0",1.0,1.0E-19
"0",1.0,1.0E-19
"0",1.0,1.0E-19
"0",1.0,1.0E-19
"0",1.0,1.0E-19
"0",1.0,1.0E-19
"0",1.0,7.036943571617052E-19
"0",1.0,1.0E-19
"0",1.0,1.0E-19
"0",1.0,1.0E-19
"0",1.0,1.0E-19
"0",1.0,1.0E-19
"0",1.0,1.0E-19
"0",1.0,1.0E-19
"0",1.0,3.152145258697943E-17
"0",1.0,1.0E-19
"0",1.0,1.0E-19
"0",1.0,1.0E-19
"0",1.0,1.0E-19
"0",1.0,1.0E-19
"0",1.0,1.0E-19
"0",1.0,1.0E-19
"0",1.0,1.0E-19
"0",1.0,1.0E-19
"0",1.0,1.0E-19
"0",1.0,1.0E-19
"0",1.0,1.0E-19
"0",1.0,1.0E-19
"0",1.0,1.0E-19
"0",1.0,1.0E-19
"0",1.0,1.0E-19
"0",1.0,1.0E-19
"0",1.0,1.0E-19
"0",1.0,1.0E-19
"0",1.0,1.0E-19
"0",1.0,1.0E-19
"0",1.0,1.0E-19
"0",1.0,1.0E-19
"0",1.0,1.0E-19
"0",1.0,1.0E-19
"0",1.0,1.0E-19
"0",1.0,1.0E-19
"0",1.0,1.0E-19
"0",1.0,1.0E-19
"0",1.0,1.0E-19
"0",1.0,1.0E-19
"0",1.0,1.0E-19
